0	0.7091726	0.29082736
0	0.7212969	0.27870312
1	0.22020078	0.7797993
0	0.7174683	0.2825317
1	0.31472728	0.6852727
0	0.7203327	0.27966738
0	0.71319866	0.2868013
0	0.70952606	0.29047394
1	0.47482607	0.52517396
1	0.4197852	0.5802148
1	0.39494455	0.6050554
0	0.7362699	0.26373008
0	0.7114257	0.28857425
1	0.33614004	0.66386
1	0.29515094	0.7048491
1	0.3230105	0.6769895
0	0.729116	0.270884
1	0.46455455	0.53544545
0	0.71625626	0.2837437
0	0.62018734	0.37981263
0	0.7265589	0.27344114
0	0.72950137	0.2704986
0	0.7254263	0.27457365
1	0.3346781	0.6653219
0	0.73618513	0.26381484
1	0.40828675	0.5917132
0	0.70731664	0.29268333
0	0.70365006	0.29634994
0	0.71990925	0.28009075
1	0.32242298	0.677577
1	0.292284	0.707716
1	0.26487756	0.73512244
1	0.24883977	0.75116026
1	0.37640694	0.6235931
0	0.7136873	0.28631273
0	0.71903634	0.28096366
1	0.23357208	0.76642793
0	0.5057566	0.49424332
1	0.43234143	0.5676586
0	0.7173195	0.2826805
0	0.73251987	0.26748016
0	0.68883616	0.31116387
0	0.7112615	0.28873855
0	0.7179109	0.2820891
1	0.32608873	0.6739113
0	0.70210266	0.29789737
0	0.68883616	0.31116387
0	0.7138076	0.28619242
0	0.70910627	0.2908937
0	0.68883616	0.31116387
1	0.49313453	0.50686544
0	0.7226318	0.27736816
0	0.6861292	0.31387082
1	0.24500032	0.75499964
0	0.73231864	0.2676814
0	0.6104355	0.38956448
1	0.22920573	0.7707943
0	0.71494186	0.2850581
1	0.2458251	0.75417495
0	0.7324234	0.26757658
0	0.72004795	0.2799521
1	0.23069817	0.76930183
1	0.42360714	0.5763929
0	0.70429176	0.29570824
1	0.38260803	0.61739194
0	0.73244476	0.26755524
0	0.7080309	0.29196912
1	0.40327287	0.59672713
1	0.23528188	0.7647181
1	0.22289753	0.7771025
0	0.7045105	0.29548952
0	0.7317019	0.26829815
1	0.2705129	0.72948706
0	0.73684424	0.2631558
0	0.7200859	0.27991408
0	0.63976413	0.3602359
0	0.7067705	0.29322955
0	0.7242337	0.27576634
0	0.697276	0.30272397
0	0.7092054	0.2907946
0	0.68883616	0.31116387
0	0.7121566	0.28784338
0	0.71298605	0.28701398
1	0.31288153	0.6871185
0	0.7259942	0.27400577
0	0.71703	0.28297
1	0.22949494	0.7705051
1	0.3896919	0.6103081
0	0.7316527	0.2683473
0	0.69717056	0.3028294
0	0.71121305	0.28878695
0	0.65462357	0.3453765
0	0.7283909	0.2716092
0	0.72231543	0.2776846
0	0.7228431	0.27715692
0	0.68883616	0.31116387
0	0.7035325	0.29646742
1	0.25654528	0.74345475
0	0.69851303	0.3014869
0	0.7308134	0.26918656
0	0.71279204	0.28720796
0	0.50009984	0.49990016
0	0.6748322	0.32516778
1	0.2597566	0.7402434
0	0.721348	0.278652
1	0.3151285	0.68487155
0	0.71279204	0.28720796
1	0.40460405	0.595396
0	0.73428744	0.2657125
0	0.7142028	0.28579712
1	0.23367237	0.7663277
0	0.7284579	0.27154213
0	0.7239568	0.2760432
0	0.7078906	0.2921094
0	0.7190715	0.28092843
0	0.73473835	0.26526165
1	0.33950508	0.6604949
0	0.73185486	0.26814517
1	0.30102977	0.6989702
0	0.61677873	0.38322127
0	0.72490054	0.27509946
0	0.73248804	0.26751202
1	0.22561333	0.7743867
0	0.7147597	0.2852403
0	0.72477937	0.2752206
0	0.70577693	0.294223
1	0.22359785	0.7764022
1	0.22819325	0.7718068
0	0.50650746	0.49349254
0	0.6950098	0.3049902
1	0.29208022	0.7079197
0	0.7345948	0.26540518
0	0.7321129	0.2678871
0	0.731255	0.268745
0	0.68883616	0.31116387
1	0.4545844	0.54541564
1	0.23342694	0.76657313
0	0.69752747	0.3024726
1	0.22571442	0.7742856
0	0.7317495	0.26825055
0	0.68883616	0.31116387
0	0.73223263	0.26776734
1	0.2320663	0.76793367
1	0.3409555	0.65904444
1	0.27638602	0.723614
0	0.71555793	0.28444204
1	0.24480326	0.75519675
0	0.731573	0.26842695
0	0.71771264	0.2822874
0	0.71326876	0.2867313
0	0.7323778	0.26762214
1	0.3294976	0.6705024
1	0.23298652	0.7670135
0	0.71228004	0.28772
1	0.48341143	0.51658857
0	0.7303713	0.26962873
1	0.23445281	0.76554716
1	0.25231817	0.7476818
1	0.23071545	0.76928455
0	0.7071111	0.29288885
0	0.6458622	0.35413784
0	0.7245307	0.27546933
1	0.23009829	0.7699017
0	0.71223813	0.2877619
0	0.701105	0.29889497
0	0.73050463	0.26949537
0	0.7258307	0.27416936
0	0.62833804	0.37166196
1	0.22704287	0.77295715
0	0.6188324	0.3811676
1	0.22695369	0.77304626
0	0.7132197	0.28678033
0	0.726552	0.27344796
0	0.58124596	0.41875407
0	0.66477084	0.3352291
0	0.72317034	0.27682966
1	0.23676462	0.76323533
0	0.7110618	0.28893816
1	0.22409509	0.7759049
0	0.71279204	0.28720796
0	0.7277679	0.2722321
0	0.675042	0.32495806
0	0.72824067	0.2717593
1	0.22731806	0.77268195
0	0.7044782	0.29552183
0	0.6762828	0.32371715
1	0.2605013	0.73949873
1	0.37694997	0.62305003
0	0.7269962	0.2730038
0	0.56801146	0.43198857
0	0.72346306	0.27653697
0	0.7084909	0.29150912
0	0.72750634	0.2724936
0	0.72855633	0.2714437
1	0.23425634	0.7657437
0	0.7305027	0.26949725
0	0.7237404	0.2762596
0	0.72979945	0.2702006
0	0.65268064	0.34731936
0	0.73187804	0.26812196
0	0.721662	0.27833807
0	0.6245062	0.37549382
0	0.67131966	0.32868028
0	0.71488386	0.28511614
0	0.7343404	0.26565957
0	0.6824021	0.31759793
1	0.23045424	0.76954573
1	0.24393429	0.7560657
1	0.2335603	0.76643974
0	0.72643965	0.27356035
1	0.23047394	0.76952606
0	0.71279204	0.28720796
0	0.7272703	0.27272972
1	0.2418032	0.75819683
0	0.72253114	0.27746883
0	0.72222465	0.27777538
0	0.71464026	0.28535974
1	0.25325745	0.7467425
1	0.35157195	0.648428
1	0.23351733	0.7664826
0	0.6320858	0.36791414
0	0.71279204	0.28720796
0	0.7208581	0.27914184
0	0.720067	0.27993298
0	0.67443264	0.3255674
1	0.2397341	0.7602659
1	0.23144068	0.7685593
0	0.70473593	0.29526407
1	0.33428666	0.6657133
0	0.70207083	0.29792914
0	0.6968727	0.30312726
0	0.7314079	0.26859206
0	0.7200586	0.27994135
0	0.7142188	0.28578126
1	0.40265438	0.5973456
0	0.69777066	0.30222932
1	0.26697195	0.73302805
0	0.72906506	0.27093494
0	0.72374797	0.27625203
1	0.2559494	0.7440506
0	0.68883616	0.31116387
0	0.7108319	0.2891681
0	0.7231254	0.2768746
0	0.7203501	0.2796499
1	0.24132648	0.75867355
1	0.48241094	0.51758903
0	0.73394173	0.26605833
1	0.24206185	0.75793815
1	0.28665993	0.71334004
0	0.7165702	0.2834298
1	0.31108677	0.6889132
0	0.6228665	0.37713352
0	0.72696835	0.27303162
0	0.7264816	0.27351835
0	0.68883616	0.31116387
1	0.43549135	0.5645087
0	0.70098305	0.29901695
0	0.7130622	0.28693774
0	0.72019935	0.27980062
1	0.33033594	0.669664
0	0.72748363	0.27251634
0	0.7292802	0.27071986
1	0.22980605	0.77019393
0	0.7179289	0.28207108
0	0.644483	0.3555171
1	0.23629674	0.7637032
0	0.7294386	0.2705614
0	0.72795004	0.27205
1	0.24541484	0.7545851
0	0.7287653	0.27123472
1	0.24857852	0.7514215
0	0.7276141	0.27238584
0	0.73512894	0.264871
1	0.25658366	0.7434163
1	0.2375332	0.7624668
0	0.52746475	0.47253528
0	0.72567004	0.27432996
0	0.6406859	0.35931414
0	0.7235307	0.27646923
0	0.7189653	0.2810347
1	0.33701792	0.6629821
1	0.21996245	0.7800375
1	0.24683112	0.7531689
0	0.6799276	0.32007244
1	0.24631055	0.75368947
1	0.31903663	0.6809634
0	0.6928199	0.3071801
1	0.25967866	0.74032134
0	0.7140829	0.2859171
0	0.7019646	0.29803535
0	0.7294131	0.27058688
1	0.31752425	0.6824758
1	0.23531193	0.7646881
0	0.72223717	0.2777628
1	0.23293804	0.76706195
0	0.71877444	0.28122553
1	0.4749551	0.52504486
0	0.7275215	0.27247852
0	0.64838237	0.35161757
1	0.3619433	0.6380567
0	0.69247735	0.30752265
0	0.69991344	0.30008662
0	0.7255216	0.2744784
0	0.72344637	0.2765536
0	0.71730965	0.28269035
0	0.6607999	0.3392001
1	0.23093612	0.7690639
1	0.2930081	0.706992
0	0.7290721	0.27092794
0	0.69882745	0.30117258
1	0.22624815	0.77375185
1	0.34529558	0.65470445
0	0.69068676	0.30931327
0	0.7203601	0.27963987
1	0.27104166	0.7289583
1	0.23108442	0.76891553
0	0.5752978	0.42470226
0	0.67268336	0.3273166
1	0.28853324	0.7114668
0	0.68883616	0.31116387
0	0.5136857	0.4863143
0	0.671405	0.32859495
0	0.5028843	0.49711567
0	0.718306	0.281694
1	0.2436478	0.7563522
0	0.729453	0.270547
0	0.7289627	0.27103725
0	0.713559	0.28644103
1	0.347168	0.65283203
0	0.7287171	0.27128288
1	0.25411186	0.7458882
0	0.73478293	0.2652171
0	0.6097855	0.39021453
0	0.68883616	0.31116387
0	0.7167989	0.2832011
0	0.6401562	0.35984382
0	0.7226051	0.2773949
0	0.7154969	0.2845031
0	0.7326038	0.2673962
0	0.71279204	0.28720796
0	0.72870225	0.27129775
1	0.23195373	0.7680463
0	0.73741907	0.26258087
0	0.7098804	0.29011956
0	0.5334766	0.4665234
0	0.7023473	0.29765272
0	0.62806714	0.3719329
1	0.22590718	0.77409285
0	0.61860406	0.38139588
0	0.5022811	0.49771884
0	0.51343375	0.48656625
1	0.24704896	0.752951
0	0.7243703	0.27562967
0	0.73180246	0.2681975
0	0.70672804	0.29327196
1	0.25480095	0.745199
0	0.7182925	0.28170756
1	0.27316973	0.72683024
1	0.22504942	0.7749506
0	0.71827215	0.28172782
0	0.72005206	0.27994797
0	0.68924075	0.31075925
0	0.7166947	0.2833053
0	0.7272098	0.27279022
1	0.24060397	0.759396
0	0.7223996	0.27760038
1	0.23548168	0.76451826
0	0.7323209	0.2676791
0	0.7278947	0.2721053
0	0.7303709	0.26962912
1	0.3946508	0.60534924
0	0.6568813	0.34311876
0	0.7284717	0.27152833
0	0.7251832	0.2748168
1	0.24101439	0.75898564
0	0.71349233	0.28650767
1	0.22775109	0.7722489
0	0.71498346	0.2850165
0	0.73029786	0.26970214
0	0.7039665	0.2960335
1	0.2303215	0.7696785
0	0.71532327	0.28467676
0	0.6837994	0.3162006
0	0.7218702	0.2781298
1	0.23572792	0.7642721
0	0.68883616	0.31116387
1	0.45476386	0.5452362
0	0.71441746	0.28558254
1	0.39621994	0.60378003
0	0.71648353	0.2835165
0	0.7099347	0.29006526
0	0.64601517	0.3539848
1	0.34741518	0.65258485
0	0.7146671	0.28533292
1	0.39419198	0.605808
0	0.7047281	0.29527187
1	0.3206405	0.6793595
0	0.72030383	0.27969623
1	0.4019502	0.5980498
0	0.7357792	0.26422077
0	0.6379125	0.36208752
0	0.68078	0.31921995
0	0.5192941	0.4807059
0	0.7322957	0.26770434
0	0.72427964	0.2757204
0	0.5316506	0.4683494
0	0.72465175	0.27534822
0	0.73062664	0.26937336
1	0.25477722	0.7452228
0	0.7158891	0.28411093
0	0.67824763	0.32175237
0	0.64735943	0.3526406
0	0.7314731	0.26852685
1	0.2648439	0.73515606
0	0.70534885	0.29465118
0	0.7264527	0.2735473
0	0.71206945	0.28793058
1	0.26728112	0.73271894
0	0.7221752	0.27782482
0	0.56375057	0.43624943
1	0.242408	0.75759196
0	0.5557061	0.4442939
0	0.7339783	0.26602176
1	0.31706485	0.6829351
0	0.68883616	0.31116387
1	0.2492833	0.75071675
0	0.70515597	0.294844
0	0.7175746	0.28242537
0	0.6063215	0.3936785
0	0.72613347	0.27386653
1	0.30335328	0.6966467
0	0.7216885	0.27831146
1	0.33177888	0.66822106
0	0.68883616	0.31116387
0	0.71279204	0.28720796
0	0.62400436	0.37599567
0	0.7294895	0.2705105
1	0.3547802	0.6452198
0	0.725988	0.2740121
0	0.72246194	0.27753812
0	0.7174529	0.28254712
0	0.68883616	0.31116387
1	0.24291858	0.7570814
1	0.23596284	0.7640372
1	0.3822574	0.61774254
0	0.720378	0.27962202
0	0.72215873	0.2778413
0	0.7045551	0.29544485
1	0.2578495	0.7421505
0	0.6470866	0.35291335
0	0.7320367	0.26796326
1	0.23180513	0.76819485
1	0.42134622	0.57865375
1	0.23486084	0.76513916
0	0.50567234	0.49432766
1	0.26974675	0.7302532
0	0.70475066	0.29524934
1	0.22217631	0.77782375
0	0.7147173	0.28528267
0	0.72130746	0.27869254
0	0.724943	0.27505702
0	0.72695786	0.2730421
0	0.72966343	0.27033654
0	0.620842	0.37915808
0	0.71915	0.28084996
1	0.22436216	0.7756378
1	0.24679753	0.7532025
0	0.69381857	0.30618143
0	0.7159066	0.28409335
0	0.7303842	0.2696159
0	0.72467303	0.27532694
0	0.6226007	0.37739927
0	0.7269037	0.2730963
0	0.7111686	0.28883144
0	0.68883616	0.31116387
1	0.24039537	0.75960463
0	0.7110094	0.2889906
1	0.24003054	0.7599694
0	0.5463742	0.45362577
0	0.7176237	0.28237626
1	0.2327459	0.7672541
0	0.7284607	0.27153924
0	0.72635293	0.273647
0	0.6967303	0.3032697
1	0.22720847	0.7727915
0	0.5645011	0.4354989
0	0.7150581	0.28494197
1	0.2199421	0.7800579
0	0.7248546	0.27514538
0	0.7287237	0.27127632
0	0.726839	0.273161
0	0.71459913	0.2854008
1	0.23979962	0.76020044
1	0.22349724	0.7765028
1	0.23968726	0.76031274
1	0.2652429	0.73475707
1	0.49535048	0.5046495
0	0.68883616	0.31116387
0	0.7105342	0.28946579
0	0.6913509	0.30864918
0	0.73082405	0.26917598
1	0.3538925	0.6461075
0	0.7148933	0.28510672
0	0.7327758	0.26722413
0	0.7330784	0.26692158
0	0.69359803	0.30640197
1	0.23075642	0.76924366
1	0.47624984	0.5237502
1	0.23662233	0.76337767
0	0.73530227	0.26469773
0	0.7146162	0.2853838
1	0.24378148	0.7562185
0	0.72612697	0.27387297
0	0.68883616	0.31116387
0	0.68883616	0.31116387
0	0.53068703	0.46931294
0	0.68883616	0.31116387
0	0.7179574	0.2820426
0	0.72533184	0.27466816
1	0.28035015	0.7196498
0	0.6581384	0.34186164
0	0.72931355	0.27068642
0	0.72491837	0.27508163
0	0.7139232	0.2860768
0	0.68883616	0.31116387
0	0.64035606	0.3596439
1	0.35540804	0.644592
0	0.65050286	0.34949717
0	0.7095699	0.29043013
0	0.7238831	0.27611688
0	0.70855194	0.29144806
0	0.7093215	0.29067844
1	0.22019397	0.779806
0	0.52146447	0.47853556
0	0.72375524	0.27624473
0	0.7008984	0.2991016
0	0.72670656	0.27329344
1	0.22572054	0.7742795
1	0.22827883	0.7717212
1	0.47348022	0.5265198
0	0.72691315	0.27308685
0	0.6930652	0.3069348
0	0.6855382	0.31446183
1	0.37632492	0.62367505
0	0.66821283	0.33178717
0	0.7167117	0.28328833
1	0.2326042	0.7673958
0	0.7154826	0.28451735
0	0.71590036	0.2840996
0	0.674303	0.32569697
0	0.722944	0.277056
0	0.7339229	0.2660771
1	0.2343108	0.7656892
0	0.6610938	0.3389062
0	0.7056548	0.29434523
0	0.7198726	0.28012735
1	0.36153114	0.6384688
0	0.72991014	0.27008986
0	0.5919644	0.40803555
1	0.2515942	0.74840575
1	0.24382615	0.75617385
0	0.64320177	0.35679817
1	0.2258255	0.7741745
1	0.2481192	0.7518808
0	0.70910895	0.29089102
0	0.71801096	0.281989
0	0.65175384	0.3482462
0	0.72283816	0.27716178
0	0.7303112	0.26968879
1	0.2330945	0.7669055
0	0.6880525	0.31194755
1	0.45907396	0.540926
0	0.7111451	0.28885487
1	0.49008915	0.5099108
0	0.65922946	0.34077057
0	0.71451956	0.28548047
0	0.68883616	0.31116387
0	0.6820917	0.31790832
0	0.6540625	0.34593746
1	0.2826947	0.7173053
1	0.2963644	0.7036356
0	0.7233115	0.2766885
0	0.73115987	0.26884013
0	0.72803056	0.2719694
0	0.7322249	0.26777506
0	0.69876367	0.30123636
1	0.34117255	0.6588274
0	0.7253735	0.2746265
0	0.72377783	0.27622217
0	0.73015577	0.2698442
0	0.68883616	0.31116387
0	0.7247679	0.2752321
0	0.7220258	0.27797416
1	0.4456508	0.5543492
1	0.23214966	0.76785034
0	0.7093533	0.29064667
0	0.7270839	0.27291605
0	0.71092165	0.2890784
0	0.7201828	0.2798172
1	0.24689418	0.7531058
1	0.2664252	0.73357475
1	0.23574995	0.76425004
0	0.730785	0.26921505
0	0.7234563	0.27654365
0	0.72960746	0.2703925
0	0.7197933	0.28020674
0	0.71161294	0.28838703
1	0.44030067	0.55969936
1	0.36250073	0.6374993
1	0.28984573	0.7101543
0	0.6627477	0.33725232
0	0.6087675	0.39123252
1	0.23656859	0.76343143
1	0.42272204	0.5772779
0	0.7161054	0.2838946
0	0.72011214	0.27988788
0	0.7351585	0.26484144
1	0.22072849	0.7792715
0	0.7262581	0.27374193
0	0.59884727	0.4011527
0	0.7174022	0.28259778
0	0.65837246	0.34162754
0	0.7050268	0.29497316
0	0.5573138	0.4426862
1	0.2914226	0.7085774
1	0.23795815	0.7620418
1	0.2521078	0.7478922
1	0.23970768	0.76029235
0	0.714572	0.285428
0	0.67337507	0.32662487
0	0.6932202	0.30677974
0	0.7226628	0.27733713
0	0.72448367	0.2755163
0	0.66831607	0.331684
1	0.23279586	0.76720417
0	0.731551	0.26844904
0	0.69541365	0.30458638
0	0.7308769	0.26912302
0	0.71045154	0.28954846
0	0.6522355	0.34776446
1	0.23700011	0.76299983
1	0.22415994	0.7758401
1	0.23575526	0.76424474
1	0.29603902	0.70396096
0	0.530525	0.46947497
0	0.68883616	0.31116387
0	0.7189765	0.28102353
0	0.5440984	0.45590162
1	0.32236087	0.6776391
0	0.6314626	0.36853746
0	0.57194877	0.42805126
1	0.24812916	0.7518709
0	0.72536147	0.2746385
0	0.6776168	0.32238328
0	0.68883616	0.31116387
0	0.728321	0.27167898
1	0.26192963	0.73807037
0	0.67285347	0.32714656
0	0.7206268	0.27937323
0	0.7292168	0.27078322
0	0.65617424	0.34382573
0	0.62567896	0.374321
0	0.5565248	0.44347516
1	0.22569905	0.774301
0	0.73338217	0.26661783
0	0.72994274	0.27005726
0	0.6981719	0.3018281
0	0.70811903	0.291881
0	0.72603005	0.27396995
1	0.3581384	0.64186156
1	0.390653	0.609347
0	0.68883616	0.31116387
0	0.69768506	0.30231497
0	0.68883616	0.31116387
0	0.68883616	0.31116387
1	0.36947414	0.6305258
0	0.5980076	0.4019924
0	0.68883616	0.31116387
0	0.66453046	0.33546954
1	0.22087073	0.7791293
0	0.6736942	0.32630587
0	0.59986347	0.40013656
0	0.66577524	0.33422482
1	0.28286266	0.71713734
1	0.2749184	0.72508156
0	0.7221086	0.27789137
0	0.67993593	0.3200641
0	0.68883616	0.31116387
0	0.72840977	0.27159026
0	0.7047889	0.29521108
0	0.67906535	0.32093468
0	0.7174304	0.28256965
0	0.70185566	0.29814434
1	0.371484	0.62851596
1	0.21988466	0.7801153
1	0.46483207	0.5351679
1	0.36420804	0.6357919
0	0.582076	0.41792396
0	0.7256523	0.2743477
1	0.29504395	0.704956
0	0.7027429	0.2972571
0	0.72879857	0.2712014
0	0.7370096	0.26299036
1	0.30302978	0.6969702
0	0.59375006	0.40624988
1	0.22541912	0.7745809
0	0.6217429	0.3782571
1	0.22484061	0.77515936
0	0.7311497	0.26885036
0	0.68883616	0.31116387
0	0.7095136	0.29048643
1	0.23902927	0.7609707
0	0.7305387	0.2694613
0	0.73057944	0.26942053
0	0.73139864	0.26860133
0	0.72090167	0.27909833
0	0.7279646	0.2720354
0	0.7129907	0.28700933
1	0.29750633	0.7024937
1	0.23981094	0.76018906
0	0.7214563	0.27854374
0	0.7236219	0.2763781
0	0.6981029	0.30189717
1	0.23133512	0.76866484
0	0.6772906	0.3227094
0	0.65461874	0.3453812
0	0.7327303	0.26726967
0	0.7258095	0.27419052
1	0.44774792	0.55225205
0	0.72988874	0.27011126
0	0.7019191	0.29808092
0	0.7003661	0.29963395
0	0.62912595	0.37087402
0	0.7277366	0.27226338
1	0.4982147	0.50178534
1	0.27054045	0.7294595
0	0.7276477	0.2723523
1	0.28823203	0.711768
0	0.72113764	0.27886236
0	0.68883616	0.31116387
0	0.72127485	0.27872512
0	0.68883616	0.31116387
0	0.7327349	0.2672651
0	0.71135837	0.28864163
0	0.7331721	0.26682788
1	0.3051411	0.6948589
1	0.23204619	0.7679538
0	0.7317242	0.26827574
0	0.54010856	0.45989144
0	0.72884816	0.27115187
0	0.716053	0.28394702
1	0.23177545	0.76822454
1	0.2325102	0.7674898
1	0.2972388	0.70276123
0	0.7336822	0.26631775
0	0.7217085	0.27829158
1	0.23514578	0.7648542
1	0.384646	0.615354
0	0.7327304	0.26726958
0	0.70175225	0.29824778
0	0.502365	0.497635
0	0.5990597	0.40094024
0	0.72477067	0.27522933
1	0.3090177	0.6909823
1	0.47166565	0.5283343
0	0.63295305	0.36704692
0	0.52983016	0.47016987
0	0.652091	0.34790897
0	0.7271399	0.27286008
1	0.42107937	0.5789206
0	0.7245538	0.2754462
1	0.24569955	0.7543004
0	0.72547853	0.27452147
0	0.72269803	0.27730203
0	0.7321094	0.2678906
1	0.23237458	0.7676254
0	0.55209565	0.44790435
1	0.38919753	0.6108025
1	0.25443706	0.745563
0	0.7261286	0.27387136
0	0.7071149	0.29288507
1	0.24277176	0.75722826
0	0.72380817	0.27619186
1	0.2320135	0.7679865
0	0.70757204	0.29242802
1	0.23947859	0.7605214
0	0.7027677	0.29723227
0	0.6359718	0.36402816
1	0.49522287	0.5047772
0	0.7331111	0.26688895
0	0.7282985	0.27170154
1	0.2580963	0.7419037
0	0.7233206	0.27667937
0	0.6569831	0.3430169
0	0.7235835	0.2764165
0	0.52504516	0.47495478
1	0.2460608	0.7539392
0	0.73234564	0.2676543
0	0.7053997	0.29460034
0	0.6164794	0.38352054
1	0.42281428	0.5771857
1	0.30748716	0.69251287
0	0.5758362	0.42416382
0	0.6935385	0.30646154
0	0.7221161	0.27788386
0	0.72925776	0.27074224
0	0.71166116	0.28833878
0	0.6993051	0.30069494
1	0.24779835	0.7522017
1	0.24157429	0.75842565
0	0.7317872	0.2682128
0	0.71390045	0.28609955
0	0.6344999	0.36550006
0	0.69777066	0.30222932
1	0.29682693	0.7031731
0	0.7180066	0.2819934
1	0.44282383	0.5571762
0	0.7240718	0.27592823
1	0.24923357	0.7507664
0	0.68999946	0.31000048
0	0.66377246	0.33622748
0	0.66539764	0.33460242
1	0.24242936	0.7575706
0	0.7274217	0.27257836
0	0.7150469	0.2849531
0	0.7226176	0.2773823
1	0.28581995	0.71418005
0	0.7192394	0.28076062
0	0.7298259	0.2701741
0	0.6911026	0.30889735
0	0.70584875	0.29415122
0	0.7066279	0.2933721
0	0.6982997	0.30170032
0	0.7182652	0.28173482
0	0.68607146	0.3139285
1	0.4942625	0.50573754
0	0.7009275	0.29907247
0	0.7259559	0.27404407
0	0.7315643	0.26843572
1	0.22814466	0.77185535
0	0.7168199	0.28318018
0	0.57966834	0.4203317
0	0.70846415	0.29153588
0	0.71279204	0.28720796
0	0.6990774	0.3009226
0	0.50782424	0.49217576
1	0.24964736	0.7503527
0	0.71932375	0.28067625
0	0.72493035	0.2750697
0	0.6934838	0.3065162
1	0.31342018	0.6865798
0	0.7126666	0.28733343
0	0.72355485	0.27644512
1	0.49688748	0.50311255
0	0.72346896	0.27653104
0	0.731628	0.268372
1	0.23013556	0.76986444
0	0.72046036	0.27953967
1	0.23651671	0.7634833
1	0.2818715	0.71812844
1	0.23386908	0.7661309
1	0.26537132	0.7346287
0	0.7218798	0.27812022
0	0.72336406	0.2766359
1	0.24801359	0.75198644
0	0.62840897	0.37159103
0	0.7338783	0.26612163
1	0.32030916	0.67969084
0	0.51220495	0.48779503
0	0.70583075	0.29416925
0	0.68883616	0.31116387
0	0.7353162	0.26468378
0	0.7314995	0.2685005
0	0.7204845	0.2795155
1	0.2323562	0.7676438
0	0.73194015	0.26805985
1	0.22865294	0.7713471
0	0.6941541	0.30584592
0	0.7199728	0.28002724
0	0.7233238	0.27667612
0	0.72474074	0.27525926
0	0.6954428	0.30455726
0	0.68883616	0.31116387
0	0.68883616	0.31116387
1	0.45489702	0.54510295
1	0.25526524	0.74473476
0	0.72579527	0.2742048
0	0.71722263	0.28277737
0	0.71891594	0.28108406
0	0.726784	0.27321595
0	0.7240806	0.27591938
1	0.299133	0.70086694
0	0.71650445	0.28349558
1	0.2449543	0.7550457
0	0.7348169	0.26518312
0	0.7239556	0.27604446
0	0.68883616	0.31116387
0	0.68883616	0.31116387
0	0.72186446	0.2781355
0	0.70341414	0.2965859
0	0.7228443	0.27715576
1	0.2316323	0.76836765
0	0.7103089	0.2896911
0	0.7057169	0.2942831
0	0.7365418	0.2634582
0	0.70141906	0.29858094
0	0.7316049	0.26839516
0	0.7168696	0.28313044
0	0.67503905	0.32496092
0	0.72776586	0.27223417
0	0.6941318	0.30586815
1	0.23141932	0.7685807
0	0.7208992	0.27910084
0	0.5425391	0.45746088
1	0.24952643	0.75047356
0	0.72629344	0.27370653
0	0.5996474	0.4003526
0	0.68883616	0.31116387
1	0.23980018	0.7601998
0	0.7134843	0.2865157
1	0.31389338	0.68610656
0	0.68883616	0.31116387
1	0.2307947	0.7692053
0	0.72518545	0.27481455
1	0.2704439	0.7295561
0	0.73159087	0.26840913
0	0.6982999	0.30170012
0	0.5083487	0.49165124
0	0.642343	0.35765702
0	0.67327386	0.32672614
0	0.7282419	0.27175805
0	0.69662935	0.30337065
0	0.70648974	0.2935103
1	0.23204654	0.76795346
0	0.7281966	0.27180335
0	0.7204976	0.2795024
0	0.71563405	0.28436595
0	0.67901355	0.32098648
0	0.69082606	0.309174
0	0.72603554	0.27396443
0	0.71605456	0.2839454
1	0.23665895	0.763341
1	0.24482585	0.75517416
0	0.55824363	0.44175637
0	0.725213	0.274787
1	0.488686	0.51131403
0	0.62547094	0.37452906
0	0.6650641	0.33493587
1	0.3632243	0.6367757
1	0.25461784	0.74538213
1	0.49533287	0.5046671
1	0.3652082	0.6347918
0	0.70557964	0.2944204
0	0.72443044	0.2755696
0	0.7268112	0.27318886
0	0.7273232	0.27267683
0	0.70657223	0.2934278
0	0.60406643	0.3959335
1	0.38861954	0.61138046
0	0.7242551	0.2757449
0	0.7135274	0.28647265
0	0.69110537	0.30889466
0	0.73137724	0.2686228
0	0.50679654	0.4932035
0	0.65455014	0.34544986
1	0.22758438	0.7724156
0	0.7330421	0.26695785
0	0.5209957	0.4790043
0	0.7086139	0.29138607
0	0.7290206	0.27097943
0	0.723689	0.276311
0	0.7224082	0.27759185
0	0.7239587	0.27604133
0	0.71954453	0.28045547
1	0.2344864	0.7655136
0	0.71745354	0.28254646
0	0.729877	0.27012295
0	0.7261493	0.27385062
0	0.68714476	0.31285527
1	0.43779224	0.56220776
0	0.72085696	0.27914304
1	0.2634437	0.73655623
0	0.7283838	0.27161622
0	0.73274696	0.26725304
0	0.7261281	0.27387193
0	0.72887456	0.27112544
0	0.7282607	0.27173927
0	0.6514311	0.34856895
0	0.71833557	0.28166437
0	0.677483	0.322517
1	0.26793158	0.7320684
0	0.68883616	0.31116387
0	0.70296115	0.29703882
0	0.70658594	0.29341412
0	0.7302219	0.26977807
0	0.6679795	0.33202055
0	0.7286133	0.2713867
0	0.72896236	0.27103767
0	0.7287225	0.2712775
0	0.72619754	0.27380246
0	0.7097045	0.2902955
0	0.7314159	0.2685841
1	0.33036	0.66964
0	0.7300606	0.2699394
0	0.69841903	0.3015809
1	0.24298652	0.7570135
0	0.73097503	0.269025
0	0.7320398	0.2679602
0	0.7300502	0.26994985
0	0.6881834	0.31181657
1	0.2358487	0.7641513
1	0.42504948	0.57495046
0	0.7084416	0.29155838
0	0.7135985	0.2864015
0	0.73186344	0.26813653
0	0.72977746	0.27022257
0	0.73091996	0.26908004
1	0.22928877	0.7707112
1	0.36093736	0.63906264
1	0.27893332	0.7210667
0	0.72597957	0.27402046
1	0.30839205	0.69160795
0	0.7132114	0.28678855
0	0.7215448	0.2784552
0	0.7256603	0.2743397
0	0.5873364	0.4126636
0	0.72169006	0.27830997
0	0.7336383	0.26636168
0	0.722157	0.27784303
1	0.23163496	0.768365
1	0.24382502	0.75617504
0	0.5756131	0.42438692
0	0.7290062	0.27099377
0	0.72091955	0.27908048
1	0.22186016	0.7781399
0	0.7117535	0.28824648
0	0.5757595	0.4242405
1	0.4228871	0.57711285
0	0.6480503	0.35194975
0	0.67107666	0.32892334
0	0.72956634	0.27043363
0	0.7209964	0.27900368
0	0.7256753	0.27432472
0	0.7031027	0.29689732
0	0.7276736	0.27232638
0	0.6606698	0.33933014
0	0.68883616	0.31116387
0	0.63204676	0.36795324
1	0.24177979	0.7582202
0	0.72194076	0.27805918
0	0.71135354	0.28864643
1	0.44905797	0.550942
0	0.72227293	0.27772707
1	0.42091137	0.5790886
0	0.63179934	0.36820066
0	0.68883616	0.31116387
0	0.6941541	0.30584592
0	0.7332835	0.26671645
0	0.7244578	0.27554217
0	0.7290834	0.27091658
1	0.24297643	0.7570236
0	0.7250301	0.2749699
1	0.43247217	0.5675279
0	0.7207284	0.27927163
0	0.72500753	0.2749925
0	0.6862976	0.31370243
0	0.72372407	0.27627596
1	0.22689512	0.7731049
0	0.7176381	0.2823619
0	0.7294254	0.27057457
0	0.68883616	0.31116387
0	0.64309716	0.3569028
1	0.22016887	0.7798312
1	0.36144772	0.6385523
0	0.724646	0.27535406
1	0.3155802	0.6844198
0	0.7279149	0.27208507
1	0.25283778	0.7471622
0	0.73250574	0.26749426
0	0.7285501	0.27144992
0	0.61572784	0.3842722
0	0.7289979	0.2710021
1	0.26998293	0.73001707
1	0.22142254	0.77857745
1	0.43268165	0.5673184
0	0.70975035	0.29024968
0	0.6623343	0.33766568
1	0.26397696	0.736023
1	0.3428108	0.65718913
0	0.7258985	0.27410153
0	0.7287416	0.27125838
0	0.7322132	0.26778674
0	0.68501014	0.31498986
0	0.7226876	0.27731243
1	0.22370319	0.77629685
1	0.22424659	0.77575344
0	0.710656	0.289344
1	0.37352607	0.6264739
1	0.45307305	0.546927
0	0.65467507	0.34532496
0	0.612547	0.38745302
0	0.70680106	0.29319894
0	0.7240065	0.27599353
1	0.2259227	0.77407736
0	0.7307408	0.26925927
0	0.7322009	0.26779908
1	0.23104933	0.7689507
0	0.72998464	0.27001533
1	0.43861073	0.5613892
0	0.7273175	0.27268252
1	0.24302152	0.75697845
0	0.68883616	0.31116387
1	0.23763916	0.7623609
1	0.35310188	0.6468981
0	0.7358546	0.2641454
1	0.24144384	0.7585561
1	0.3035171	0.6964829
0	0.7247778	0.2752222
0	0.71958584	0.2804141
0	0.7200384	0.2799616
0	0.7155674	0.28443265
1	0.43531054	0.56468946
0	0.72579706	0.27420294
1	0.23014738	0.7698526
1	0.36726737	0.63273257
0	0.6862046	0.31379536
1	0.23126091	0.76873904
0	0.72673076	0.27326924
0	0.5823667	0.41763327
0	0.6659854	0.33401462
0	0.7326984	0.2673016
1	0.4031871	0.5968129
1	0.41254884	0.5874512
0	0.7272228	0.27277717
1	0.26841435	0.7315856
0	0.7193714	0.28062868
0	0.7329592	0.26704085
0	0.73668104	0.26331893
0	0.71776056	0.28223944
0	0.71829337	0.2817066
1	0.23937395	0.760626
0	0.704942	0.29505798
1	0.35073647	0.6492635
0	0.5773751	0.42262492
0	0.7146174	0.28538266
0	0.6885685	0.3114315
1	0.22770515	0.7722949
0	0.5941531	0.40584686
0	0.73170596	0.26829404
0	0.704942	0.29505798
1	0.2495634	0.75043654
0	0.68883616	0.31116387
0	0.73137814	0.2686219
0	0.7316304	0.2683696
1	0.2345763	0.7654238
0	0.7280403	0.27195978
0	0.7011929	0.29880702
1	0.2705509	0.72944903
0	0.71946514	0.28053483
1	0.36903238	0.6309676
0	0.73201644	0.2679836
1	0.4959201	0.50407994
0	0.72607106	0.27392897
0	0.7096272	0.29037276
0	0.58086914	0.4191308
0	0.6603117	0.33968827
1	0.42057016	0.57942986
1	0.29281074	0.7071893
0	0.70356905	0.29643098
0	0.7202358	0.27976415
0	0.72680795	0.2731921
0	0.72647387	0.2735261
1	0.22600296	0.77399707
1	0.2395916	0.7604084
1	0.24751031	0.7524897
0	0.68883616	0.31116387
0	0.6910714	0.3089286
1	0.26697502	0.733025
1	0.31558535	0.6844147
1	0.26282248	0.7371775
0	0.72374207	0.27625787
1	0.33521765	0.66478235
0	0.7315026	0.2684974
0	0.7322405	0.26775953
0	0.72393477	0.27606523
0	0.7033454	0.29665458
0	0.73010623	0.26989377
0	0.68883616	0.31116387
1	0.26891178	0.73108816
0	0.7018726	0.29812738
0	0.68775386	0.3122462
0	0.7351318	0.26486823
0	0.65659326	0.34340677
1	0.25834027	0.7416597
0	0.70594037	0.29405966
1	0.23900111	0.7609989
0	0.7152371	0.28476292
0	0.71863663	0.2813634
1	0.29176852	0.70823145
0	0.6158675	0.3841325
0	0.7224033	0.27759665
0	0.71939284	0.28060713
0	0.7133371	0.28666285
1	0.34113914	0.65886086
0	0.7311329	0.26886714
0	0.7347556	0.26524442
0	0.733572	0.266428
1	0.46339223	0.5366078
0	0.7129385	0.28706154
0	0.6543432	0.34565678
0	0.68883616	0.31116387
0	0.7295534	0.2704466
1	0.2980712	0.7019288
0	0.7009623	0.29903767
1	0.42611504	0.5738849
0	0.56509304	0.43490702
1	0.43438786	0.56561214
1	0.23390031	0.7660997
0	0.7225712	0.27742875
0	0.72504073	0.27495933
1	0.30127355	0.6987265
0	0.7298686	0.2701314
1	0.3265537	0.6734463
1	0.2238179	0.77618206
0	0.7223079	0.27769208
0	0.68883616	0.31116387
1	0.44023114	0.55976886
0	0.7134069	0.28659308
0	0.7153382	0.2846619
1	0.24601685	0.7539832
1	0.24192068	0.75807935
1	0.325268	0.67473197
1	0.34099835	0.65900165
1	0.24259114	0.7574089
0	0.71356666	0.2864334
0	0.69645125	0.30354875
1	0.47494808	0.5250519
1	0.3408168	0.65918314
0	0.6565627	0.3434373
0	0.7277915	0.27220845
0	0.7023436	0.2976564
0	0.68883616	0.31116387
1	0.22446711	0.7755329
0	0.73021716	0.26978278
0	0.70706904	0.29293093
0	0.7055167	0.29448333
0	0.7013761	0.2986239
1	0.22309037	0.77690965
1	0.2563458	0.7436542
0	0.60904586	0.3909541
0	0.5221154	0.47788456
0	0.6706774	0.3293226
0	0.7065251	0.29347494
0	0.6925164	0.30748364
1	0.28888413	0.7111159
0	0.563926	0.436074
1	0.24653468	0.7534653
0	0.71374655	0.28625348
1	0.22922787	0.77077216
0	0.58684725	0.41315272
0	0.6726799	0.32732013
0	0.72004586	0.2799541
0	0.68883616	0.31116387
0	0.73441625	0.26558372
1	0.21817783	0.7818222
1	0.23960823	0.7603918
1	0.3110955	0.68890446
0	0.68883616	0.31116387
0	0.7343346	0.26566538
0	0.62214977	0.37785026
0	0.67823684	0.3217632
0	0.6850657	0.31493434
1	0.25142825	0.74857175
0	0.73218876	0.26781124
1	0.41070864	0.5892914
1	0.23277931	0.7672207
0	0.7132579	0.28674203
1	0.29086873	0.7091313
0	0.7268548	0.27314517
0	0.7022499	0.2977501
0	0.6053668	0.39463317
0	0.7316309	0.26836908
0	0.70579666	0.29420334
0	0.72690797	0.2730921
0	0.5821417	0.41785836
1	0.24578826	0.7542118
0	0.7215445	0.27845547
0	0.6048697	0.39513028
1	0.30801395	0.6919861
0	0.72793806	0.27206197
0	0.7261656	0.27383447
0	0.66149235	0.33850765
0	0.7112805	0.28871942
0	0.7171452	0.28285483
0	0.7133536	0.28664643
0	0.7082239	0.29177612
0	0.7299585	0.27004153
1	0.22656994	0.7734301
0	0.7273349	0.27266508
0	0.6697699	0.33023015
0	0.7309901	0.2690099
0	0.7338431	0.26615694
1	0.24133198	0.758668
1	0.22926347	0.7707366
0	0.71956736	0.2804327
0	0.72963536	0.27036467
0	0.7318852	0.2681148
0	0.72324127	0.27675873
0	0.7282895	0.27171052
0	0.6737397	0.32626033
1	0.2461143	0.7538857
0	0.6867696	0.31323037
0	0.72377753	0.27622247
1	0.25068158	0.7493184
0	0.71108246	0.2889175
0	0.722573	0.277427
0	0.69032305	0.3096769
0	0.71730906	0.28269094
1	0.23219302	0.767807
1	0.35124263	0.6487574
1	0.39513782	0.60486215
1	0.230151	0.769849
0	0.5438061	0.45619395
0	0.63682336	0.36317664
1	0.2998272	0.7001728
0	0.6673437	0.33265632
1	0.4613081	0.53869194
0	0.57106245	0.42893752
1	0.25613472	0.74386525
1	0.22303817	0.7769618
1	0.347005	0.652995
1	0.2384834	0.76151663
0	0.68883616	0.31116387
1	0.28334597	0.716654
1	0.30771288	0.69228715
0	0.5510574	0.44894257
1	0.23024578	0.7697543
0	0.7276784	0.27232152
0	0.72520065	0.27479938
0	0.59482396	0.4051761
1	0.2976346	0.7023654
0	0.7168343	0.28316572
0	0.68883616	0.31116387
0	0.72790885	0.27209112
0	0.73373044	0.2662696
0	0.72058684	0.2794132
0	0.7019003	0.29809967
0	0.5655748	0.43442515
0	0.57307625	0.42692375
1	0.25796053	0.7420395
1	0.3504834	0.6495166
0	0.72307676	0.27692327
0	0.71722835	0.2827717
0	0.7217599	0.27824005
1	0.264297	0.73570305
1	0.46509832	0.53490174
0	0.61393225	0.38606772
0	0.7221752	0.27782482
0	0.7009878	0.29901218
0	0.7226026	0.27739736
0	0.71213	0.28787002
0	0.69832444	0.30167556
0	0.7132454	0.2867546
0	0.67985445	0.32014555
1	0.23734653	0.76265347
0	0.6578859	0.3421141
0	0.7283065	0.2716935
0	0.7309718	0.26902813
1	0.39163482	0.6083652
1	0.22496694	0.7750331
0	0.72438204	0.275618
0	0.73031634	0.2696836
1	0.21728852	0.7827115
0	0.72081935	0.27918068
1	0.22414489	0.7758552
1	0.23428364	0.7657164
1	0.22749205	0.7725079
1	0.23628102	0.76371896
1	0.2372942	0.76270586
0	0.506532	0.49346796
0	0.7205017	0.27949828
1	0.3871081	0.6128919
0	0.7307292	0.26927075
0	0.61790335	0.38209668
0	0.735455	0.264545
1	0.27842224	0.72157776
1	0.27495268	0.72504735
1	0.393359	0.606641
1	0.47800237	0.52199763
1	0.25859123	0.74140877
0	0.71745753	0.28254247
0	0.7259615	0.2740385
1	0.31225345	0.6877465
1	0.25570312	0.74429685
0	0.6902981	0.30970192
0	0.68883616	0.31116387
0	0.72474104	0.27525896
1	0.22553067	0.7744693
0	0.693924	0.30607596
1	0.28192535	0.7180747
0	0.7226018	0.27739823
0	0.57677627	0.42322373
1	0.23624226	0.76375777
0	0.70952934	0.2904707
1	0.29028353	0.70971644
0	0.7119854	0.28801456
1	0.39613673	0.6038633
0	0.7322165	0.26778352
0	0.7187831	0.28121698
0	0.50804454	0.49195546
1	0.23006755	0.76993245
0	0.7224623	0.27753773
0	0.6902969	0.30970308
1	0.2375069	0.7624931
0	0.7262664	0.27373365
1	0.4137979	0.58620214
0	0.7236289	0.27637106
0	0.60209966	0.39790037
0	0.71687376	0.28312626
0	0.7331334	0.26686665
0	0.6890766	0.3109234
1	0.22454257	0.7754574
1	0.23699349	0.7630065
1	0.2907277	0.7092723
0	0.7285005	0.2714995
1	0.47435567	0.5256443
0	0.6779378	0.3220622
1	0.23443039	0.7655696
1	0.24504264	0.7549573
0	0.67794806	0.3220519
0	0.7167768	0.28322315
0	0.70004165	0.29995838
0	0.71807104	0.281929
0	0.7268961	0.27310392
0	0.72464913	0.2753509
0	0.68883616	0.31116387
0	0.7103267	0.2896733
0	0.71848726	0.28151274
0	0.7167202	0.28327975
0	0.70943093	0.29056907
1	0.32477897	0.67522097
0	0.5619271	0.4380729
1	0.37626454	0.6237354
0	0.71472627	0.28527373
1	0.2661826	0.73381734
0	0.6950536	0.30494642
0	0.6009092	0.3990908
1	0.23111154	0.7688884
1	0.32262164	0.67737836
1	0.26203093	0.73796904
0	0.7213787	0.27862138
1	0.415866	0.584134
0	0.63821214	0.36178786
0	0.68883616	0.31116387
0	0.7323637	0.26763627
0	0.50442743	0.49557254
0	0.6951696	0.30483037
0	0.671427	0.32857296
1	0.22645533	0.77354467
1	0.25002855	0.7499714
0	0.68982387	0.31017616
1	0.32284313	0.6771568
1	0.3202339	0.6797661
1	0.3154988	0.68450123
1	0.22253057	0.77746946
0	0.72132313	0.27867684
0	0.68883616	0.31116387
0	0.72356987	0.27643013
1	0.25629067	0.74370927
0	0.68883616	0.31116387
0	0.69034755	0.30965242
1	0.46556866	0.5344313
0	0.7074553	0.29254472
0	0.7353884	0.2646116
1	0.2610401	0.7389599
1	0.23901333	0.7609867
0	0.72333544	0.27666458
0	0.73034376	0.26965624
1	0.28934813	0.7106519
0	0.59586436	0.4041356
1	0.22252509	0.7774749
0	0.7175745	0.28242552
0	0.72382843	0.27617154
1	0.25858945	0.74141055
1	0.3983771	0.6016229
0	0.6571706	0.34282944
1	0.22910292	0.77089703
1	0.22561878	0.7743812
0	0.69777757	0.30222243
0	0.72588	0.27411997
1	0.34503356	0.6549664
0	0.68883616	0.31116387
0	0.7244465	0.27555346
0	0.7223624	0.2776376
0	0.7170437	0.28295633
1	0.22476064	0.7752394
0	0.7149058	0.2850942
0	0.7235664	0.2764336
0	0.7281957	0.2718042
0	0.71716475	0.28283525
0	0.66042644	0.33957356
0	0.7170529	0.28294715
0	0.71896297	0.28103703
0	0.71347344	0.28652653
0	0.6941223	0.30587766
0	0.7301546	0.2698454
1	0.27490154	0.7250985
1	0.4568158	0.54318416
1	0.30106962	0.6989303
0	0.727846	0.272154
0	0.7237178	0.27628222
0	0.6076513	0.3923487
0	0.7291485	0.27085146
0	0.68942946	0.31057054
0	0.72365224	0.2763478
1	0.2922392	0.7077609
0	0.6706219	0.3293781
1	0.28347358	0.71652645
0	0.7263166	0.27368346
1	0.2829	0.71709996
0	0.68806344	0.31193653
0	0.6958181	0.3041819
0	0.68883616	0.31116387
0	0.5464066	0.4535934
0	0.70579314	0.2942068
1	0.28521436	0.7147856
0	0.7311407	0.26885933
1	0.3676435	0.6323565
0	0.71263665	0.28736332
0	0.73129463	0.26870543
0	0.71145314	0.28854686
0	0.7099484	0.29005155
1	0.27457932	0.72542065
0	0.7250054	0.27499467
0	0.71586144	0.2841386
0	0.7207704	0.2792296
0	0.7280252	0.27197483
1	0.44954023	0.5504598
1	0.23249917	0.7675009
0	0.6572313	0.3427688
0	0.7301977	0.26980224
1	0.40069756	0.5993025
0	0.71279204	0.28720796
0	0.6553861	0.34461394
0	0.70369434	0.2963057
0	0.6307989	0.3692011
1	0.24728653	0.7527135
1	0.34399503	0.6560049
1	0.297061	0.702939
0	0.69715273	0.30284727
0	0.71759045	0.2824095
0	0.7259611	0.27403888
1	0.4624958	0.53750414
1	0.24540515	0.75459486
0	0.68883616	0.31116387
1	0.47722545	0.5227745
0	0.72553	0.27446994
0	0.68883616	0.31116387
1	0.27293923	0.7270608
1	0.23194622	0.76805377
0	0.7010441	0.2989559
1	0.2648336	0.7351664
0	0.72790825	0.27209175
1	0.24903858	0.7509614
0	0.7173588	0.2826412
0	0.7274103	0.2725897
0	0.72241235	0.27758768
0	0.5818725	0.4181275
0	0.71255636	0.2874436
0	0.72176784	0.2782322
0	0.70457923	0.29542083
1	0.23966648	0.76033354
0	0.7319163	0.26808366
0	0.68883616	0.31116387
0	0.7284584	0.2715416
0	0.68883616	0.31116387
1	0.2608329	0.7391671
1	0.35102516	0.6489748
0	0.72697777	0.2730222
0	0.72084147	0.2791585
1	0.24173357	0.75826645
1	0.3128587	0.6871413
0	0.71454304	0.28545693
0	0.7173028	0.28269726
0	0.7172055	0.28279442
0	0.73100865	0.26899132
0	0.7312104	0.26878962
0	0.71976274	0.2802373
1	0.2408811	0.7591189
0	0.61005855	0.38994148
0	0.7366438	0.26335618
0	0.6941541	0.30584592
0	0.729675	0.27032503
1	0.24222474	0.7577752
0	0.721443	0.27855703
0	0.68575144	0.31424856
0	0.68883616	0.31116387
1	0.33055407	0.66944593
0	0.7286038	0.2713962
1	0.3166716	0.6833284
0	0.68883616	0.31116387
1	0.3959381	0.6040619
1	0.2604354	0.73956466
0	0.72127306	0.27872688
1	0.23864157	0.7613584
0	0.723442	0.27655798
1	0.2364805	0.7635195
1	0.23436257	0.7656374
0	0.6829208	0.31707922
1	0.2286855	0.7713145
0	0.73805076	0.26194927
0	0.5242243	0.47577572
1	0.2640826	0.73591745
0	0.70758206	0.29241797
1	0.24450019	0.7554998
0	0.7049812	0.29501876
0	0.7088112	0.29118872
0	0.71245503	0.287545
0	0.7261276	0.27387244
0	0.6877252	0.31227478
0	0.70823044	0.29176953
0	0.65783644	0.3421636
1	0.23314776	0.7668523
1	0.2429956	0.7570044
1	0.2626015	0.7373985
0	0.59769666	0.4023033
0	0.5802073	0.41979274
0	0.7106683	0.2893317
0	0.6634177	0.33658233
0	0.730007	0.269993
0	0.715938	0.28406206
1	0.24054429	0.7594557
0	0.71070427	0.28929573
0	0.7109162	0.2890838
0	0.6593932	0.3406068
0	0.59410524	0.4058948
0	0.7268802	0.2731198
0	0.6820567	0.31794327
1	0.2621226	0.7378774
1	0.24595661	0.75404334
1	0.23734681	0.7626532
0	0.7342172	0.26578274
0	0.7109483	0.28905168
1	0.25199816	0.7480018
1	0.49474156	0.50525844
0	0.6638357	0.33616433
0	0.72894716	0.2710528
0	0.635288	0.36471197
0	0.718127	0.281873
0	0.70374453	0.2962555
0	0.7246445	0.27535552
0	0.7250761	0.27492392
1	0.25238213	0.74761784
1	0.37522918	0.6247708
1	0.2542691	0.74573094
0	0.516053	0.483947
0	0.7204727	0.2795273
0	0.7222743	0.2777257
0	0.6948677	0.30513233
0	0.7158666	0.28413337
1	0.34999824	0.65000176
0	0.701923	0.29807702
0	0.68883616	0.31116387
1	0.2341201	0.7658799
1	0.36965102	0.6303489
0	0.73423445	0.2657656
1	0.24216029	0.7578397
0	0.70086724	0.29913273
1	0.2338791	0.76612085
0	0.73146343	0.26853654
0	0.6802269	0.31977305
0	0.7206462	0.2793538
0	0.7303675	0.26963252
0	0.704942	0.29505798
0	0.7284342	0.27156582
1	0.34829146	0.65170854
1	0.26158026	0.7384198
0	0.7195091	0.2804909
0	0.71190774	0.28809232
0	0.7047535	0.29524645
1	0.21900873	0.7809913
0	0.6983723	0.30162764
0	0.73176324	0.2682368
1	0.22931723	0.77068275
1	0.32346052	0.6765395
1	0.22597905	0.7740209
1	0.23239245	0.76760757
0	0.71382725	0.28617272
0	0.72631216	0.27368778
0	0.67558265	0.32441732
1	0.26268494	0.73731506
1	0.23963663	0.7603634
0	0.71022534	0.28977466
1	0.23337734	0.7666227
0	0.7199982	0.28000182
0	0.6714093	0.32859072
0	0.6484303	0.35156974
0	0.7221555	0.27784452
1	0.23297694	0.767023
0	0.6605111	0.33948895
0	0.697311	0.302689
0	0.7130341	0.28696588
0	0.7075493	0.29245076
0	0.7302807	0.2697193
0	0.68735033	0.3126497
0	0.72630554	0.2736945
1	0.2490835	0.7509165
0	0.6179672	0.38203284
1	0.37394896	0.626051
1	0.33525532	0.6647446
0	0.7055201	0.29447988
1	0.24298243	0.7570175
0	0.7120137	0.28798625
0	0.6221492	0.37785077
0	0.7283089	0.27169108
0	0.71279204	0.28720796
0	0.7106102	0.2893898
0	0.73409647	0.26590353
0	0.7193976	0.28060243
0	0.7028701	0.29712993
1	0.2470336	0.75296646
0	0.72224337	0.2777566
0	0.57143193	0.42856812
1	0.2915788	0.7084212
1	0.22854285	0.7714572
0	0.72268003	0.27732
0	0.6948828	0.30511716
0	0.5958932	0.40410677
0	0.71830803	0.281692
0	0.72233725	0.27766275
0	0.7164249	0.28357515
0	0.71028876	0.2897113
0	0.6618824	0.33811763
0	0.73460114	0.26539883
1	0.24500781	0.7549922
0	0.7165135	0.28348643
0	0.7230303	0.2769697
1	0.23075235	0.76924765
0	0.7244803	0.2755197
0	0.7121643	0.28783572
1	0.24511369	0.7548863
0	0.6311907	0.36880925
0	0.64934486	0.35065514
1	0.2279657	0.7720343
0	0.6053856	0.39461437
0	0.72533447	0.27466547
0	0.67357504	0.32642493
0	0.7129936	0.28700638
1	0.24314977	0.75685024
0	0.73555726	0.26444277
1	0.22787564	0.7721244
0	0.7338116	0.26618838
1	0.27084604	0.729154
0	0.65517086	0.34482914
0	0.7274524	0.27254757
1	0.2272489	0.7727511
1	0.2909933	0.7090067
0	0.7322568	0.26774317
0	0.68883616	0.31116387
1	0.23282105	0.76717895
0	0.65773	0.34227
0	0.55166346	0.44833657
0	0.72708344	0.2729166
0	0.7133608	0.2866392
0	0.70855427	0.29144573
0	0.70582443	0.29417554
1	0.22227196	0.777728
0	0.68883616	0.31116387
1	0.37407538	0.62592465
1	0.22806756	0.7719324
0	0.7242654	0.2757346
0	0.6997517	0.30024832
1	0.26855782	0.73144215
1	0.2251468	0.77485317
0	0.6941541	0.30584592
0	0.68883616	0.31116387
0	0.72888976	0.27111024
1	0.25219873	0.7478013
0	0.7306155	0.26938447
0	0.7297866	0.27021337
1	0.2594089	0.7405911
0	0.6328545	0.36714548
0	0.70762855	0.29237145
1	0.22243744	0.77756256
0	0.72768	0.27232
0	0.7308552	0.2691448
0	0.6574364	0.34256366
0	0.6945703	0.30542973
0	0.72391474	0.27608523
0	0.7225539	0.27744615
0	0.7261368	0.27386326
1	0.45786163	0.5421384
1	0.26582682	0.7341731
1	0.41857472	0.5814253
0	0.7197366	0.28026342
0	0.58863765	0.41136232
1	0.21621594	0.78378403
0	0.68883616	0.31116387
1	0.29557666	0.7044233
0	0.72879106	0.2712089
0	0.6960157	0.30398434
0	0.5852703	0.41472965
0	0.6827447	0.31725532
0	0.6521293	0.34787068
0	0.7251448	0.27485517
1	0.25510687	0.74489313
1	0.4313025	0.5686975
0	0.728539	0.27146098
0	0.7292479	0.2707521
0	0.5281849	0.47181508
0	0.71683186	0.28316814
0	0.7278414	0.27215862
0	0.71882373	0.2811763
1	0.22653474	0.7734652
0	0.69653773	0.3034623
0	0.6773528	0.32264718
1	0.22990493	0.770095
0	0.7315063	0.2684937
1	0.2243075	0.77569246
1	0.22727966	0.77272034
1	0.35768762	0.64231235
0	0.71562916	0.28437078
0	0.6910266	0.30897337
1	0.2961514	0.7038486
1	0.23382121	0.7661788
1	0.34657875	0.6534213
0	0.71435326	0.28564677
0	0.7273262	0.2726738
0	0.7174412	0.28255883
1	0.36348525	0.6365148
0	0.70343256	0.29656738
1	0.30164173	0.6983583
0	0.71982175	0.2801783
0	0.6785662	0.3214338
0	0.70570296	0.29429704
0	0.69154227	0.30845776
1	0.37069395	0.629306
1	0.33999023	0.66000974
1	0.2710281	0.72897184
0	0.7058519	0.29414806
0	0.7239593	0.27604067
0	0.7306345	0.26936546
0	0.6975041	0.3024959
1	0.25428855	0.74571145
1	0.26018548	0.7398146
1	0.38490438	0.6150956
1	0.22557461	0.7744254
0	0.5070722	0.49292776
1	0.23021623	0.7697838
0	0.5690675	0.4309325
0	0.725142	0.27485797
0	0.7237272	0.27627277
1	0.23189826	0.76810175
0	0.72758305	0.27241692
1	0.29464644	0.7053536
0	0.6983656	0.30163434
0	0.7346772	0.2653228
0	0.73304653	0.26695344
0	0.6411906	0.35880944
0	0.6816837	0.31831628
1	0.23774707	0.7622529
1	0.30038345	0.69961655
1	0.22700791	0.7729921
0	0.7160828	0.28391722
0	0.6924208	0.30757922
0	0.7169094	0.2830906
0	0.6924724	0.3075276
0	0.7133989	0.28660113
0	0.7135346	0.28646544
1	0.26329955	0.7367004
0	0.67420816	0.32579184
0	0.7271578	0.27284217
0	0.73191607	0.26808393
0	0.54989195	0.4501081
0	0.71896064	0.28103936
0	0.72243613	0.27756393
1	0.24523334	0.75476664
0	0.71903884	0.2809612
0	0.713434	0.28656608
1	0.22498702	0.77501297
0	0.704504	0.29549605
0	0.7356973	0.26430264
0	0.7332642	0.26673576
0	0.73056525	0.26943478
0	0.71672386	0.28327608
1	0.27484852	0.7251515
1	0.30734274	0.69265723
0	0.66568625	0.33431372
0	0.69271415	0.30728588
0	0.7214669	0.27853313
0	0.7162503	0.28374973
0	0.6636603	0.33633968
0	0.68883616	0.31116387
0	0.71521777	0.28478223
0	0.71526086	0.28473917
0	0.7249181	0.27508193
0	0.6841979	0.3158021
0	0.71937263	0.28062737
0	0.54175407	0.4582459
0	0.6678017	0.33219832
1	0.2369435	0.76305646
0	0.72674084	0.27325916
0	0.70201725	0.29798272
0	0.69129664	0.3087034
0	0.73216397	0.2678361
0	0.70452034	0.29547963
0	0.7211537	0.2788463
0	0.7262814	0.27371857
0	0.71497494	0.2850251
1	0.2420643	0.7579357
1	0.23951373	0.7604863
0	0.73179716	0.2682028
1	0.2556121	0.7443879
0	0.7213903	0.27860972
1	0.4015851	0.59841496
0	0.72617865	0.27382135
1	0.31178924	0.6882108
0	0.7045666	0.29543337
1	0.25542763	0.7445724
0	0.72702444	0.27297556
0	0.72156036	0.27843967
1	0.23192786	0.7680722
0	0.73142785	0.26857215
1	0.26685178	0.7331482
0	0.7300256	0.26997438
0	0.7128274	0.2871726
0	0.67946583	0.3205341
0	0.7218397	0.27816027
1	0.24335663	0.7566434
0	0.69214857	0.3078515
1	0.25837168	0.74162835
1	0.28539056	0.71460944
0	0.61924213	0.38075787
0	0.7217068	0.27829322
0	0.6088982	0.39110175
0	0.71720207	0.28279793
0	0.68883616	0.31116387
0	0.6642429	0.3357571
0	0.6355988	0.36440122
0	0.62888634	0.37111366
1	0.24441406	0.7555859
0	0.7112604	0.28873965
0	0.7204076	0.2795924
1	0.30385083	0.6961492
0	0.70550525	0.29449472
0	0.719612	0.28038797
1	0.23973237	0.7602677
1	0.40890574	0.5910943
0	0.71574545	0.28425458
0	0.71810746	0.28189254
0	0.72440046	0.2755995
0	0.7293023	0.27069768
0	0.7244669	0.27553308
0	0.7368403	0.2631597
0	0.6497513	0.35024872
1	0.28340143	0.7165986
0	0.67370224	0.32629776
0	0.69108963	0.30891037
0	0.7280198	0.27198023
1	0.2242612	0.7757388
0	0.7020962	0.29790372
1	0.23097439	0.76902556
1	0.39918986	0.60081017
1	0.2519632	0.7480368
0	0.70064193	0.2993581
1	0.33424762	0.6657524
1	0.23390411	0.76609594
1	0.24651721	0.75348276
0	0.7006056	0.29939443
0	0.7266238	0.27337623
0	0.68867886	0.3113211
0	0.71920484	0.2807952
1	0.42222407	0.5777759
0	0.7213913	0.27860868
0	0.7317516	0.2682484
1	0.44222957	0.5577705
1	0.28940678	0.71059316
0	0.7204794	0.27952063
0	0.7182946	0.28170535
0	0.56443405	0.43556592
0	0.71727836	0.28272167
0	0.72166365	0.27833638
1	0.4065592	0.59344083
0	0.62439775	0.37560228
0	0.72032875	0.27967125
1	0.25555468	0.7444453
0	0.7039665	0.2960335
1	0.39903727	0.60096276
0	0.722903	0.27709696
1	0.4481917	0.5518083
0	0.735919	0.26408103
0	0.7229183	0.27708173
1	0.23610127	0.76389873
0	0.7080672	0.2919328
0	0.709074	0.29092595
0	0.68883616	0.31116387
0	0.7254242	0.27457583
1	0.23282534	0.7671746
1	0.48571312	0.51428694
0	0.73235905	0.26764098
1	0.2836397	0.71636033
0	0.72371364	0.27628633
0	0.52135515	0.47864485
0	0.70147127	0.29852873
0	0.6980282	0.30197176
0	0.66324157	0.33675843
0	0.7026184	0.29738155
0	0.7239207	0.27607927
1	0.49541184	0.5045881
0	0.72185135	0.27814865
1	0.4909848	0.5090152
0	0.5348736	0.46512637
0	0.6363238	0.36367616
0	0.70813936	0.29186067
0	0.6623286	0.33767143
1	0.3018659	0.6981341
1	0.3154377	0.6845623
0	0.64693826	0.35306168
1	0.2534149	0.74658513
1	0.22777617	0.77222383
1	0.4458576	0.5541424
0	0.71279204	0.28720796
1	0.22282238	0.77717763
0	0.70319057	0.2968094
0	0.7245936	0.27540642
0	0.6588479	0.34115207
0	0.72995424	0.27004576
0	0.7046497	0.29535034
1	0.31853452	0.68146545
0	0.7308174	0.26918265
0	0.6856594	0.3143406
0	0.731609	0.26839098
1	0.2220428	0.7779572
0	0.63990414	0.36009583
0	0.7061828	0.29381725
0	0.7156104	0.2843896
1	0.3143082	0.6856918
0	0.72958714	0.27041292
1	0.41718856	0.5828115
1	0.2771905	0.72280955
0	0.68883616	0.31116387
1	0.31028512	0.68971485
0	0.72070885	0.27929115
0	0.6965473	0.30345264
1	0.21959575	0.7804042
1	0.23247406	0.767526
1	0.25211206	0.7478879
0	0.69184667	0.30815333
0	0.72169584	0.27830416
0	0.72328573	0.27671424
0	0.7333241	0.2666759
0	0.7247085	0.2752915
1	0.37213212	0.6278678
0	0.71856016	0.28143984
1	0.36287668	0.63712335
0	0.7281508	0.27184924
0	0.7231677	0.27683225
1	0.23871708	0.7612829
1	0.36315033	0.63684964
1	0.31733736	0.6826626
0	0.73168945	0.26831055
0	0.62934077	0.37065917
1	0.27572304	0.72427696
1	0.3423883	0.6576117
0	0.68883616	0.31116387
0	0.5917664	0.40823358
1	0.47973832	0.5202617
1	0.23327662	0.7667234
1	0.22832952	0.77167046
0	0.7221416	0.27785838
1	0.23281004	0.7671899
0	0.7300259	0.26997414
0	0.6809399	0.3190601
1	0.25817832	0.74182165
0	0.7321138	0.26788625
0	0.72611636	0.27388367
0	0.69303626	0.3069637
0	0.7276784	0.27232158
0	0.7139674	0.28603256
0	0.7178471	0.28215283
0	0.73322994	0.26677004
0	0.7140664	0.28593355
1	0.2861022	0.7138978
1	0.36906764	0.6309324
0	0.72548956	0.27451044
0	0.72419345	0.27580658
0	0.634429	0.36557096
0	0.68883616	0.31116387
0	0.7032124	0.29678762
1	0.23462035	0.7653796
0	0.71279204	0.28720796
0	0.7281462	0.27185386
0	0.7123225	0.28767753
0	0.53848237	0.4615176
0	0.72053087	0.27946916
0	0.7146388	0.28536117
0	0.70038855	0.2996115
0	0.721277	0.27872303
1	0.22524954	0.77475053
0	0.70536053	0.29463947
0	0.70081055	0.29918945
1	0.2633163	0.73668367
1	0.23560011	0.7643998
0	0.7191348	0.28086522
1	0.24593985	0.75406015
0	0.710027	0.28997305
0	0.7290993	0.27090076
0	0.7075659	0.29243407
1	0.23090945	0.7690906
0	0.7190244	0.28097552
1	0.36080286	0.6391972
1	0.29977593	0.7002241
0	0.722851	0.27714905
0	0.71902776	0.2809722
1	0.23247692	0.76752305
1	0.24328576	0.7567142
0	0.600247	0.39975303
1	0.2316745	0.7683255
0	0.7139353	0.28606465
0	0.7207713	0.2792287
0	0.73311806	0.26688197
1	0.23274745	0.7672525
0	0.73932934	0.26067072
0	0.73092514	0.26907483
0	0.72910017	0.2708998
0	0.62038887	0.37961113
1	0.23221181	0.7677882
1	0.23413931	0.76586074
0	0.7335	0.26649997
0	0.71740973	0.2825903
0	0.7226647	0.27733532
1	0.2271467	0.77285326
0	0.5407754	0.4592246
0	0.6728735	0.32712653
0	0.7247627	0.27523738
1	0.38194466	0.61805534
1	0.41379812	0.58620185
1	0.23491697	0.7650831
0	0.70473397	0.29526597
0	0.7141493	0.28585076
0	0.61440027	0.3855997
0	0.7288979	0.27110204
0	0.7172248	0.28277516
1	0.2414764	0.7585236
1	0.3216438	0.67835623
0	0.6349555	0.3650445
0	0.7304244	0.2695756
0	0.65357816	0.34642178
0	0.71279204	0.28720796
0	0.7152002	0.28479978
0	0.6221684	0.37783158
0	0.72131467	0.2786854
0	0.7259179	0.2740821
0	0.7237825	0.2762175
0	0.6428846	0.3571154
0	0.70892143	0.29107854
1	0.29025653	0.7097435
1	0.23057146	0.7694285
0	0.68883616	0.31116387
0	0.73196626	0.26803374
0	0.72365236	0.2763476
1	0.38204178	0.61795825
0	0.7190738	0.28092623
0	0.68596834	0.31403163
0	0.7378599	0.26214007
0	0.7230035	0.27699643
1	0.3879889	0.6120111
0	0.6825587	0.31744128
1	0.34416875	0.6558313
1	0.27627423	0.7237258
0	0.7212033	0.2787967
0	0.73262537	0.26737463
0	0.7175983	0.2824017
1	0.30775368	0.6922463
0	0.71083444	0.28916553
1	0.24586447	0.75413555
0	0.68883616	0.31116387
0	0.53237486	0.4676252
0	0.70354986	0.2964501
1	0.23649558	0.76350445
0	0.7077162	0.29228377
0	0.71279204	0.28720796
0	0.68883616	0.31116387
1	0.24101183	0.75898814
0	0.71878684	0.2812132
1	0.26842052	0.7315795
0	0.72883713	0.2711628
1	0.26097924	0.7390207
0	0.6688089	0.33119112
1	0.35355604	0.6464439
1	0.22732843	0.7726716
1	0.23332353	0.7666764
0	0.7173807	0.28261927
0	0.7084709	0.29152906
0	0.7216554	0.27834457
0	0.7079888	0.2920112
0	0.7118481	0.28815192
0	0.7157008	0.28429922
1	0.48062462	0.5193754
0	0.73066956	0.2693304
0	0.68883616	0.31116387
0	0.71175516	0.28824487
0	0.61741096	0.38258904
0	0.7098381	0.2901619
0	0.72881746	0.27118254
0	0.70915204	0.29084796
0	0.7149165	0.2850835
1	0.23234166	0.76765835
0	0.62817276	0.37182724
1	0.30999207	0.69000787
0	0.72849804	0.27150193
0	0.731817	0.26818305
0	0.7306693	0.26933068
0	0.7311093	0.2688907
1	0.22397716	0.7760228
1	0.24393056	0.7560695
0	0.73132694	0.26867306
0	0.6982575	0.30174246
0	0.5333238	0.4666762
0	0.73399353	0.2660065
0	0.6197713	0.38022876
0	0.70596486	0.2940351
0	0.7315564	0.26844355
1	0.3561525	0.6438475
0	0.72156334	0.2784367
0	0.56872636	0.43127367
0	0.6724048	0.3275952
0	0.69808245	0.30191752
1	0.22123305	0.77876693
0	0.7101357	0.2898643
1	0.24833392	0.751666
1	0.3098014	0.69019866
1	0.26867735	0.73132265
0	0.68883616	0.31116387
1	0.3686757	0.6313243
1	0.23257364	0.7674263
1	0.22544754	0.7745525
1	0.24742816	0.7525718
1	0.29887557	0.7011245
0	0.72469884	0.27530116
0	0.6871121	0.31288788
0	0.67136717	0.32863286
1	0.28706083	0.7129392
0	0.7187185	0.28128144
0	0.68883616	0.31116387
0	0.7326983	0.2673017
0	0.7125271	0.28747287
1	0.24317324	0.75682676
0	0.7321885	0.26781148
0	0.69972926	0.3002707
1	0.23539492	0.7646051
0	0.7252863	0.27471364
0	0.7282219	0.2717781
1	0.2787071	0.7212929
0	0.71850723	0.2814927
1	0.25049174	0.7495083
0	0.62210786	0.37789214
0	0.7113557	0.2886443
0	0.70787644	0.29212353
0	0.72139716	0.27860287
0	0.68883616	0.31116387
1	0.24632263	0.7536773
0	0.6790986	0.32090136
1	0.23861301	0.761387
0	0.7340592	0.26594076
0	0.72714174	0.2728583
1	0.23253691	0.7674631
1	0.23483239	0.76516765
0	0.63840896	0.3615911
0	0.6979768	0.30202314
0	0.7078089	0.29219112
0	0.7380495	0.2619505
1	0.22641383	0.77358615
1	0.23081157	0.7691884
0	0.6632437	0.33675635
0	0.71507716	0.28492284
0	0.73086256	0.2691374
0	0.68883616	0.31116387
0	0.7020429	0.2979571
0	0.7335387	0.26646137
0	0.72054577	0.27945423
0	0.71433663	0.2856634
0	0.7325249	0.26747516
1	0.4265639	0.5734361
1	0.23188591	0.7681141
0	0.71497357	0.28502646
1	0.21972999	0.78027004
1	0.34445333	0.65554667
1	0.23624012	0.76375985
0	0.72790074	0.2720992
0	0.7277501	0.27224985
0	0.6257173	0.37428272
0	0.7261901	0.27380997
1	0.28049096	0.71950907
0	0.71971315	0.28028688
0	0.7070828	0.2929172
0	0.7357722	0.26422778
0	0.7286744	0.27132556
1	0.23298803	0.767012
1	0.2633267	0.7366733
1	0.28622565	0.7137744
0	0.6874178	0.31258222
0	0.726445	0.27355495
0	0.7298199	0.27018017
0	0.7335843	0.26641575
0	0.7278439	0.27215615
1	0.42979842	0.5702016
1	0.29521766	0.70478237
0	0.732585	0.26741505
1	0.29054233	0.7094577
0	0.71606815	0.28393185
0	0.7291646	0.27083537
0	0.68594074	0.31405923
0	0.7225085	0.27749148
0	0.68883616	0.31116387
0	0.73242456	0.2675754
0	0.6193283	0.3806717
0	0.61884284	0.3811571
0	0.71613616	0.28386378
0	0.6447525	0.3552475
0	0.72402793	0.27597207
0	0.71385473	0.28614527
0	0.7177543	0.2822457
1	0.2189139	0.78108615
0	0.68883616	0.31116387
1	0.22342828	0.7765717
0	0.72615904	0.27384093
0	0.71699125	0.28300872
0	0.7314087	0.26859128
1	0.23695078	0.7630492
0	0.68883616	0.31116387
0	0.68883616	0.31116387
0	0.65811026	0.34188968
0	0.6180502	0.3819498
0	0.68883616	0.31116387
0	0.7281061	0.27189395
0	0.72971326	0.2702867
0	0.71481365	0.28518635
1	0.30005196	0.6999481
0	0.7288652	0.2711348
0	0.71320516	0.2867948
1	0.24381661	0.7561834
1	0.23726161	0.7627384
1	0.35009313	0.6499069
0	0.72685754	0.2731424
0	0.7130377	0.28696224
0	0.7286075	0.27139255
0	0.7283662	0.2716338
0	0.68883616	0.31116387
0	0.68883616	0.31116387
0	0.7021551	0.29784486
0	0.7248314	0.2751686
0	0.71561855	0.2843815
0	0.7278863	0.27211368
1	0.26527706	0.7347229
0	0.72569275	0.27430725
0	0.72229666	0.27770334
0	0.71174914	0.28825083
0	0.71538574	0.2846143
0	0.72031367	0.2796863
1	0.23350579	0.7664942
0	0.7306505	0.26934946
1	0.30381122	0.69618875
1	0.49300456	0.5069954
0	0.7290041	0.27099594
0	0.73068196	0.269318
1	0.2343876	0.76561236
0	0.7186011	0.28139892
0	0.7306986	0.2693014
0	0.7188383	0.28116176
1	0.44659728	0.5534027
1	0.2352104	0.76478964
0	0.5915575	0.4084425
0	0.7215755	0.27842453
1	0.2373183	0.7626817
0	0.72486746	0.27513254
0	0.7308219	0.2691781
1	0.28956252	0.7104375
0	0.7196892	0.28031075
0	0.7228976	0.2771024
1	0.22754811	0.7724519
1	0.26531333	0.73468673
1	0.2578108	0.74218917
1	0.2315762	0.7684238
0	0.5532968	0.4467032
0	0.7168203	0.28317973
0	0.70832944	0.2916706
0	0.71995753	0.28004253
0	0.7033034	0.2966966
1	0.30032146	0.69967854
0	0.73009145	0.2699085
0	0.7234726	0.27652737
0	0.70479006	0.2952099
0	0.7323089	0.2676911
0	0.7085136	0.29148635
0	0.72291917	0.27708083
0	0.72721636	0.27278364
0	0.6980505	0.30194953
0	0.71279204	0.28720796
0	0.7313249	0.26867512
0	0.7119211	0.2880789
0	0.6346212	0.36537883
1	0.32858086	0.67141914
0	0.70456105	0.29543898
1	0.22524852	0.7747515
0	0.7232843	0.27671573
0	0.52478594	0.47521406
1	0.2258146	0.7741854
0	0.7301766	0.2698233
0	0.7033548	0.29664522
0	0.726403	0.273597
1	0.25878116	0.74121886
0	0.73509914	0.26490086
0	0.72251755	0.27748248
0	0.70280766	0.2971924
1	0.23973963	0.76026034
0	0.7201987	0.2798013
0	0.7318178	0.26818216
0	0.6286085	0.37139148
1	0.22807176	0.7719283
0	0.7263574	0.2736426
1	0.26322147	0.7367785
0	0.68883616	0.31116387
1	0.23048665	0.7695133
0	0.71938425	0.28061575
0	0.50751936	0.49248067
0	0.68883616	0.31116387
0	0.73137045	0.26862952
1	0.23482062	0.7651794
0	0.7276574	0.27234262
1	0.24020003	0.75979996
0	0.7262023	0.27379775
1	0.31310096	0.686899
0	0.6876083	0.31239173
0	0.6640008	0.33599916
0	0.64575744	0.35424256
0	0.7243031	0.27569687
0	0.73165494	0.26834503
1	0.25051975	0.7494802
0	0.6158983	0.38410172
0	0.68883616	0.31116387
0	0.7235049	0.2764951
1	0.21653871	0.78346133
0	0.7196067	0.2803933
1	0.44731808	0.5526819
1	0.23335524	0.7666448
1	0.2329273	0.7670727
0	0.6092022	0.39079782
1	0.23452543	0.7654746
0	0.7129032	0.28709677
0	0.73133725	0.26866278
0	0.71276766	0.2872323
0	0.7195134	0.2804866
0	0.60477144	0.3952286
1	0.25814065	0.7418594
0	0.72019905	0.2798009
1	0.2433446	0.7566554
0	0.72842616	0.27157384
1	0.3168687	0.68313134
1	0.27791727	0.7220827
0	0.7306161	0.26938394
0	0.6171039	0.38289613
0	0.71347874	0.28652126
0	0.7300581	0.2699419
1	0.43118736	0.5688126
1	0.22550018	0.77449983
1	0.26955125	0.7304488
0	0.7276029	0.2723971
0	0.7294895	0.27051044
1	0.2440981	0.75590193
0	0.69602275	0.30397722
1	0.22666812	0.7733319
0	0.7258069	0.27419314
0	0.7245456	0.27545443
1	0.2638409	0.7361591
0	0.7307299	0.26927015
1	0.3955202	0.6044798
0	0.59723186	0.40276816
0	0.6888054	0.31119466
0	0.6981719	0.3018281
1	0.24644685	0.75355315
0	0.72547257	0.27452746
0	0.727235	0.27276498
0	0.70785284	0.29214722
0	0.73098135	0.26901865
1	0.23543522	0.7645648
1	0.23105867	0.76894134
0	0.5452385	0.4547615
0	0.67174464	0.32825536
0	0.56161624	0.43838376
0	0.7339123	0.26608768
1	0.25856248	0.74143755
1	0.3981244	0.6018756
0	0.71279204	0.28720796
0	0.72143185	0.27856815
0	0.7084812	0.2915188
0	0.72837925	0.27162075
0	0.71659714	0.28340283
0	0.73488516	0.26511484
0	0.7153558	0.28464416
0	0.6732382	0.3267618
0	0.7204775	0.2795225
0	0.7165308	0.28346926
0	0.71773505	0.28226498
0	0.7114436	0.28855643
0	0.7239805	0.27601948
1	0.46106568	0.5389343
0	0.7229228	0.2770772
1	0.3157174	0.6842826
0	0.56397414	0.4360258
1	0.32000723	0.67999274
0	0.7230699	0.27693006
0	0.7097967	0.29020324
0	0.7167307	0.28326923
1	0.38614264	0.6138574
0	0.7167147	0.28328535
0	0.69980305	0.30019692
1	0.22556676	0.7744332
0	0.5554108	0.44458917
0	0.6616133	0.33838668
0	0.72383165	0.27616832
0	0.73117644	0.26882356
0	0.5499205	0.45007953
1	0.4343125	0.5656875
1	0.26058483	0.7394152
0	0.7249733	0.27502668
0	0.7258734	0.27412665
1	0.29714587	0.70285416
0	0.5720976	0.4279024
0	0.71279204	0.28720796
0	0.732911	0.267089
1	0.22433448	0.7756655
0	0.7287311	0.2712689
1	0.23264834	0.7673516
0	0.69924366	0.3007563
1	0.24138707	0.75861293
1	0.37276733	0.6272327
0	0.62668204	0.37331796
0	0.61984533	0.38015467
1	0.26385474	0.73614526
0	0.7316762	0.26832378
0	0.7292456	0.27075434
1	0.27102557	0.7289744
0	0.6351588	0.36484122
0	0.674753	0.32524705
1	0.23402993	0.76597
0	0.72219664	0.27780336
0	0.71607	0.28393003
1	0.25341368	0.7465863
1	0.38711563	0.61288434
0	0.660103	0.33989692
1	0.22814567	0.77185434
1	0.4171063	0.5828937
0	0.73489875	0.2651013
0	0.7110583	0.28894168
1	0.22471543	0.7752846
1	0.47480634	0.52519363
0	0.68883616	0.31116387
1	0.23230714	0.7676928
1	0.31469366	0.6853063
0	0.72313017	0.27686977
0	0.7312067	0.26879334
0	0.70333755	0.29666245
0	0.7258823	0.27411765
0	0.7306964	0.26930356
0	0.66280645	0.33719352
0	0.6955495	0.3044505
1	0.421749	0.57825094
0	0.73320746	0.26679257
0	0.71976453	0.2802355
0	0.5955803	0.4044197
1	0.2745365	0.7254635
1	0.27958077	0.7204193
0	0.68883616	0.31116387
0	0.70684487	0.2931551
0	0.7349976	0.2650024
0	0.7165887	0.2834113
0	0.725181	0.27481902
0	0.72694814	0.2730519
1	0.28518304	0.7148169
0	0.71652454	0.28347546
1	0.48670238	0.5132977
1	0.2551356	0.7448644
0	0.6973949	0.3026051
0	0.7238743	0.2761257
0	0.72528183	0.27471823
0	0.7218411	0.27815887
0	0.72475606	0.27524394
0	0.7273991	0.27260095
0	0.7307602	0.26923975
1	0.27120936	0.72879064
0	0.71827406	0.28172597
1	0.23668854	0.76331145
0	0.71802735	0.28197268
0	0.7262134	0.27378657
0	0.72600794	0.27399206
0	0.63401574	0.3659843
0	0.7150485	0.2849515
0	0.7270516	0.27294844
1	0.2756683	0.72433174
0	0.68597436	0.31402564
0	0.7283841	0.2716159
1	0.36183587	0.6381641
0	0.7133004	0.2866996
0	0.7263872	0.27361277
1	0.44107017	0.55892986
0	0.7333407	0.26665935
0	0.7041961	0.29580393
1	0.39195815	0.6080419
0	0.5507211	0.44927886
1	0.2179051	0.78209496
1	0.3638784	0.6361216
1	0.32531607	0.67468387
1	0.3652005	0.63479954
0	0.65901995	0.34098008
0	0.7297454	0.2702546
0	0.50435114	0.49564883
1	0.36883304	0.631167
0	0.7195525	0.28044748
0	0.7055854	0.29441455
0	0.67638665	0.32361332
0	0.73397464	0.2660254
0	0.6629844	0.33701563
0	0.7209763	0.27902377
1	0.23428617	0.7657139
1	0.23197888	0.76802117
0	0.73045665	0.26954332
1	0.29603037	0.70396966
1	0.26773334	0.73226666
1	0.23512116	0.7648788
0	0.71523577	0.28476423
1	0.22112773	0.7788722
1	0.27364445	0.7263556
0	0.71859294	0.28140703
0	0.7061848	0.29381523
0	0.7269212	0.27307886
1	0.28856325	0.71143675
0	0.61310446	0.38689554
0	0.6502434	0.34975657
0	0.5134851	0.486515
0	0.71153593	0.28846404
0	0.7189394	0.28106058
0	0.6193979	0.38060218
0	0.70588756	0.29411244
1	0.43762615	0.5623739
1	0.22641918	0.7735808
0	0.7292165	0.27078345
0	0.68883616	0.31116387
0	0.64419836	0.3558016
1	0.24767031	0.7523297
0	0.7181935	0.28180656
1	0.23005684	0.7699432
0	0.73656946	0.26343048
0	0.73067415	0.26932588
0	0.73110765	0.2688923
1	0.2417196	0.7582804
1	0.42061612	0.57938385
1	0.29705766	0.7029424
0	0.73670673	0.26329324
1	0.2538653	0.74613476
1	0.2774826	0.7225174
0	0.70440334	0.2955966
0	0.71096003	0.28903997
0	0.71476257	0.28523743
0	0.7248584	0.27514163
1	0.23782766	0.76217234
0	0.6884694	0.31153062
1	0.23015802	0.769842
0	0.62679315	0.37320682
0	0.63160723	0.36839274
1	0.2936252	0.70637476
1	0.4721271	0.5278729
1	0.3257235	0.67427653
1	0.2440522	0.7559478
0	0.6761487	0.3238513
0	0.7289774	0.2710226
0	0.73252016	0.2674798
0	0.7333998	0.26660013
0	0.72268736	0.27731267
1	0.23900361	0.7609964
1	0.2286259	0.77137405
0	0.7279866	0.2720135
1	0.31398118	0.6860188
0	0.58162034	0.41837963
1	0.49034408	0.50965595
0	0.7207001	0.2792999
1	0.23897187	0.7610281
0	0.73346144	0.26653853
1	0.23123074	0.76876926
0	0.66499096	0.33500907
0	0.6947626	0.30523744
0	0.70582706	0.2941729
0	0.7206792	0.2793208
0	0.72456163	0.2754383
0	0.7243098	0.2756902
0	0.72277814	0.27722186
1	0.22155839	0.7784416
0	0.51635045	0.48364955
0	0.7222677	0.2777323
0	0.7097684	0.2902316
0	0.7185788	0.28142115
0	0.7292942	0.27070582
0	0.72379357	0.27620646
1	0.23650281	0.76349723
0	0.57837987	0.42162013
0	0.6374856	0.36251435
0	0.7259999	0.27400005
0	0.7218508	0.2781492
0	0.55677205	0.44322795
0	0.73391604	0.266084
0	0.6309204	0.3690796
0	0.7354566	0.26454344
0	0.5676977	0.4323023
0	0.7056485	0.29435155
0	0.7261891	0.27381095
1	0.2645076	0.7354924
0	0.60271204	0.39728796
0	0.5460718	0.45392814
0	0.6077892	0.3922108
0	0.7235258	0.27647424
1	0.40588352	0.59411645
0	0.72448194	0.27551812
0	0.73180133	0.26819867
1	0.4715786	0.5284214
0	0.693156	0.306844
0	0.69024825	0.3097517
0	0.73002625	0.26997378
1	0.26068342	0.7393166
0	0.69535786	0.30464214
0	0.69765556	0.30234438
0	0.7259477	0.27405232
0	0.7178486	0.28215137
0	0.68883616	0.31116387
0	0.7145905	0.28540948
0	0.64782137	0.35217866
0	0.72482115	0.27517885
0	0.70437896	0.29562107
0	0.7095495	0.2904505
0	0.7032197	0.2967803
0	0.7080363	0.2919637
0	0.70302325	0.29697672
0	0.7214849	0.27851507
1	0.2290384	0.7709616
0	0.6779823	0.32201776
0	0.71435297	0.2856471
1	0.24142686	0.7585731
1	0.25333947	0.7466605
1	0.48208767	0.5179123
0	0.6575754	0.34242463
0	0.7248905	0.27510947
0	0.68883616	0.31116387
1	0.24206658	0.7579334
1	0.370702	0.62929803
1	0.22585008	0.7741499
1	0.25742316	0.7425769
0	0.7278559	0.27214408
0	0.7127009	0.28729904
0	0.71839684	0.28160316
0	0.69533986	0.30466017
0	0.7285753	0.27142474
1	0.2338824	0.76611763
1	0.25480515	0.74519485
1	0.32836768	0.67163235
1	0.2679509	0.7320491
1	0.26851308	0.7314869
1	0.38892776	0.61107224
1	0.25044432	0.7495557
0	0.72842777	0.27157226
0	0.7300278	0.2699722
0	0.7263459	0.27365413
0	0.68883616	0.31116387
1	0.23297642	0.7670236
0	0.70233095	0.29766902
1	0.23361102	0.766389
1	0.2312423	0.7687577
0	0.72910506	0.27089494
0	0.73129255	0.26870742
0	0.61715996	0.38284004
0	0.7224844	0.2775156
1	0.24458809	0.7554119
0	0.7352727	0.26472726
1	0.27007434	0.7299257
0	0.63841265	0.3615874
0	0.6877358	0.31226423
0	0.72113854	0.2788615
1	0.31809336	0.68190664
0	0.7201503	0.2798497
0	0.6146735	0.38532653
0	0.6163042	0.38369575
0	0.72826105	0.27173895
1	0.4786225	0.52137756
1	0.3860963	0.61390376
0	0.70255065	0.29744935
0	0.7218651	0.2781349
0	0.7234804	0.27651954
1	0.35168472	0.6483153
0	0.7292699	0.27073014
0	0.7175477	0.2824523
1	0.27699062	0.7230094
0	0.7256826	0.27431735
0	0.73731226	0.26268777
0	0.57800376	0.42199627
0	0.7269667	0.2730333
0	0.7278886	0.27211142
1	0.23821937	0.7617806
0	0.71925163	0.28074834
1	0.31467393	0.6853261
0	0.7000057	0.2999943
1	0.23813634	0.76186365
1	0.23647064	0.7635293
0	0.71909744	0.28090256
1	0.35960236	0.6403976
0	0.68883616	0.31116387
0	0.6626512	0.33734882
0	0.7240758	0.27592415
0	0.68883616	0.31116387
1	0.34862337	0.6513766
0	0.7065923	0.2934077
0	0.7105092	0.2894908
0	0.7148802	0.28511977
0	0.61805844	0.38194153
0	0.5172405	0.4827595
1	0.25223243	0.7477676
0	0.709219	0.29078105
0	0.70317364	0.29682642
0	0.7186322	0.28136784
0	0.6536124	0.34638757
1	0.2309592	0.7690408
0	0.71682304	0.28317693
1	0.44922432	0.5507757
0	0.7096163	0.29038367
0	0.7212112	0.2787888
1	0.22486253	0.77513754
1	0.488235	0.51176506
0	0.706251	0.29374903
1	0.41794875	0.5820512
0	0.72837836	0.2716217
0	0.671941	0.32805902
0	0.5782453	0.42175475
0	0.6120679	0.38793218
0	0.71956277	0.28043726
0	0.72715616	0.27284387
0	0.7314158	0.2685842
0	0.71279204	0.28720796
1	0.22284505	0.777155
1	0.49099725	0.50900275
0	0.7204636	0.27953643
1	0.2861286	0.7138714
0	0.710868	0.28913203
0	0.7323901	0.26760986
0	0.7336996	0.26630035
0	0.68883616	0.31116387
0	0.7206604	0.27933964
0	0.72328615	0.2767138
0	0.71279204	0.28720796
0	0.6110266	0.38897344
0	0.5758375	0.42416257
1	0.2268603	0.7731398
0	0.7014084	0.2985916
0	0.58734953	0.41265044
0	0.7330454	0.26695463
1	0.26204467	0.7379554
0	0.71164745	0.2883525
0	0.6067141	0.39328584
0	0.7238336	0.27616635
0	0.6473066	0.35269335
0	0.5204097	0.47959033
1	0.31574047	0.68425953
0	0.7336156	0.26638445
0	0.72734123	0.2726588
0	0.7310027	0.26899737
1	0.43544105	0.5645589
0	0.70661056	0.2933894
0	0.7233565	0.27664354
1	0.2399906	0.76000935
1	0.31021327	0.68978673
1	0.27316868	0.7268313
0	0.70539695	0.29460305
1	0.23024258	0.7697574
0	0.722601	0.27739897
0	0.63854074	0.3614593
0	0.5754318	0.42456824
1	0.23404923	0.7659508
0	0.5005785	0.4994215
0	0.69264764	0.30735236
1	0.22344045	0.77655953
0	0.70930296	0.29069698
1	0.23697457	0.76302546
0	0.718442	0.28155798
0	0.7138729	0.28612706
0	0.68883616	0.31116387
0	0.7154549	0.2845451
0	0.7215406	0.27845943
0	0.720635	0.279365
0	0.7202819	0.2797181
0	0.7321817	0.26781827
1	0.45748118	0.5425188
1	0.34427142	0.6557286
0	0.7182164	0.28178364
1	0.33768052	0.6623195
0	0.73069865	0.26930138
0	0.7233839	0.27661607
0	0.6836733	0.31632668
1	0.25238648	0.74761355
0	0.6972391	0.30276093
1	0.24692647	0.7530735
1	0.23212764	0.7678724
0	0.7209609	0.27903906
1	0.24307737	0.75692266
0	0.6492293	0.3507707
0	0.724641	0.27535895
0	0.72894734	0.27105263
0	0.68883616	0.31116387
1	0.33199894	0.66800106
0	0.7022025	0.29779744
0	0.5592854	0.44071454
0	0.7263496	0.2736504
0	0.7138017	0.2861983
0	0.67377913	0.32622087
1	0.29180592	0.708194
1	0.24480008	0.7551999
1	0.38005874	0.61994123
1	0.2579893	0.7420107
0	0.7174243	0.28257576
1	0.34827587	0.6517241
0	0.72543633	0.2745636
1	0.2727474	0.72725254
0	0.5389185	0.4610815
0	0.72520053	0.27479944
0	0.7211406	0.27885935
0	0.70051444	0.29948556
0	0.708527	0.29147297
0	0.6593526	0.34064737
0	0.54716825	0.45283172
0	0.73140305	0.26859698
0	0.59437805	0.40562195
0	0.71841824	0.28158176
0	0.6066871	0.39331284
1	0.4704908	0.5295092
1	0.24911468	0.75088537
0	0.6875218	0.31247818
0	0.6595984	0.34040153
0	0.50021327	0.49978676
1	0.3224011	0.6775989
0	0.72459894	0.27540103
0	0.5863272	0.41367275
0	0.7142217	0.28577828
1	0.22863278	0.77136725
0	0.71001786	0.28998217
0	0.666474	0.33352602
0	0.72054017	0.27945977
1	0.25150788	0.7484921
1	0.4760238	0.5239762
0	0.6629157	0.33708426
1	0.2898274	0.7101726
0	0.7152655	0.28473455
0	0.7202954	0.27970457
1	0.22777475	0.77222526
1	0.27531132	0.7246887
1	0.22873674	0.7712633
0	0.53648204	0.46351796
1	0.2292672	0.7707328
0	0.68883616	0.31116387
0	0.71762234	0.2823777
0	0.7339507	0.2660493
1	0.24874051	0.7512595
1	0.23643194	0.7635681
0	0.70977485	0.29022518
1	0.27041858	0.7295814
0	0.64114755	0.35885248
0	0.7258823	0.27411765
1	0.41062665	0.5893733
1	0.3539613	0.64603865
1	0.23935933	0.7606406
1	0.25126544	0.7487346
1	0.30708268	0.6929173
0	0.72069186	0.27930817
0	0.704942	0.29505798
0	0.6652688	0.33473125
0	0.71917903	0.28082094
1	0.22516899	0.774831
0	0.73578316	0.26421687
1	0.34510705	0.654893
0	0.72484076	0.2751593
1	0.22800174	0.7719983
0	0.7150346	0.28496537
1	0.27929324	0.72070676
0	0.7041712	0.29582888
0	0.6089932	0.3910068
0	0.7063643	0.29363576
0	0.7192018	0.28079817
0	0.7033504	0.29664958
1	0.2360264	0.7639736
1	0.2243537	0.77564627
1	0.22837107	0.7716289
0	0.7227827	0.27721733
0	0.7293346	0.27066544
0	0.51277214	0.48722786
1	0.24387877	0.75612116
1	0.24512313	0.7548769
0	0.7323601	0.26763988
0	0.7362848	0.26371524
1	0.22707562	0.7729243
0	0.7223909	0.27760908
0	0.7271995	0.27280056
1	0.24244292	0.75755703
0	0.6797409	0.32025903
0	0.7260549	0.27394512
0	0.72567946	0.2743205
1	0.2508844	0.7491156
0	0.70698076	0.2930193
1	0.34624675	0.6537533
1	0.36212122	0.6378788
0	0.7292207	0.27077925
1	0.23073646	0.7692635
0	0.72277254	0.27722746
0	0.52435666	0.4756433
0	0.71829337	0.2817066
1	0.23588656	0.76411337
0	0.6979991	0.30200082
0	0.5637549	0.4362451
1	0.2402314	0.7597686
0	0.6863519	0.31364807
0	0.7316368	0.26836324
1	0.29206818	0.7079319
0	0.53459966	0.46540034
0	0.7301468	0.2698532
0	0.6722239	0.32777604
0	0.68883616	0.31116387
1	0.47292984	0.52707016
0	0.72194445	0.27805555
0	0.729292	0.27070805
0	0.72853136	0.27146867
1	0.25708723	0.7429127
0	0.5871041	0.41289595
0	0.7212516	0.27874833
1	0.25077274	0.7492272
0	0.721303	0.278697
0	0.70830154	0.29169846
1	0.47597647	0.5240235
0	0.73255336	0.2674466
0	0.68847334	0.31152666
0	0.7039109	0.29608914
1	0.23350805	0.76649195
0	0.7120736	0.2879264
0	0.71553576	0.28446424
0	0.7003852	0.2996148
1	0.46019152	0.53980845
0	0.72710973	0.27289033
0	0.6594013	0.34059873
0	0.72576976	0.2742302
0	0.6719044	0.32809564
1	0.22947586	0.77052414
0	0.60410136	0.3958987
0	0.7355976	0.26440236
1	0.49841785	0.50158215
0	0.72327167	0.27672833
