1	0.4583508	0.5416492
1	0.43689373	0.56310624
1	0.4456733	0.5543267
1	0.48653573	0.5134643
1	0.3897758	0.6102242
1	0.43284672	0.5671533
1	0.33693776	0.6630623
1	0.45619398	0.543806
1	0.43483493	0.56516504
1	0.47214606	0.5278539
1	0.42242473	0.57757527
1	0.44193354	0.5580664
1	0.38741115	0.6125889
1	0.4644537	0.5355463
1	0.43191445	0.56808555
1	0.46102652	0.53897345
1	0.4181519	0.58184814
1	0.47167748	0.5283225
1	0.48713762	0.5128624
1	0.4379604	0.5620396
1	0.4377109	0.56228906
1	0.46236888	0.53763115
1	0.47694743	0.52305263
1	0.4911178	0.5088822
1	0.44719225	0.55280775
1	0.4312599	0.56874007
0	0.5134318	0.48656815
1	0.38247168	0.61752826
0	0.504031	0.495969
1	0.4065611	0.5934389
1	0.43268108	0.5673189
1	0.46785298	0.532147
1	0.41814587	0.5818541
1	0.39299843	0.60700154
1	0.40726122	0.59273875
1	0.4995682	0.5004318
1	0.36871353	0.6312865
1	0.36122426	0.6387757
1	0.4415016	0.5584984
1	0.42172676	0.5782732
1	0.43248513	0.56751484
0	0.65252197	0.347478
1	0.4381755	0.5618245
0	0.5095945	0.49040553
1	0.44769257	0.5523074
1	0.37757164	0.62242836
0	0.65252197	0.347478
0	0.50027907	0.49972093
1	0.4738025	0.5261975
0	0.65252197	0.347478
1	0.38474017	0.6152599
0	0.5216419	0.47835812
0	0.5048326	0.49516734
1	0.44145036	0.55854964
1	0.4117938	0.58820623
1	0.4336741	0.5663259
1	0.3851054	0.6148946
1	0.45649427	0.5435057
1	0.3972497	0.6027503
1	0.45543084	0.5445692
1	0.45805752	0.5419425
1	0.40173936	0.5982606
1	0.4940987	0.5059013
1	0.4654532	0.53454673
1	0.43663597	0.563364
1	0.43407786	0.56592214
1	0.46326816	0.53673184
1	0.38414738	0.6158526
1	0.39726302	0.602737
1	0.39849213	0.60150784
1	0.3660245	0.6339755
1	0.48646137	0.51353866
1	0.44045585	0.55954415
1	0.4461198	0.5538802
1	0.43218982	0.5678102
1	0.47426745	0.5257326
1	0.46327657	0.53672343
1	0.3999734	0.6000266
1	0.45057192	0.5494281
1	0.49463475	0.50536525
0	0.65252197	0.347478
1	0.3186815	0.68131846
1	0.47755703	0.52244294
1	0.38317636	0.6168237
1	0.47682434	0.52317566
0	0.57586193	0.4241381
1	0.43276483	0.5672352
1	0.45145038	0.54854965
1	0.38914582	0.61085415
1	0.48821437	0.51178557
1	0.4393821	0.56061786
1	0.43428537	0.56571466
1	0.373108	0.626892
0	0.5180712	0.48192883
1	0.41231352	0.5876864
0	0.65252197	0.347478
1	0.49464723	0.5053528
1	0.45487428	0.5451257
1	0.42918843	0.57081157
1	0.36038277	0.6396172
1	0.47085786	0.52914214
1	0.41718623	0.58281374
0	0.53790146	0.46209848
1	0.45526832	0.54473174
1	0.43305293	0.5669471
1	0.44638878	0.5536112
1	0.47085786	0.52914214
1	0.36509842	0.6349016
1	0.430074	0.56992596
1	0.42271003	0.57728994
1	0.36731136	0.6326886
1	0.48725614	0.5127439
1	0.46188396	0.53811604
1	0.47049522	0.5295048
1	0.48799264	0.5120073
1	0.40941894	0.590581
1	0.47000027	0.52999973
1	0.441695	0.558305
0	0.52285504	0.477145
1	0.45980242	0.5401976
1	0.43212652	0.5678735
1	0.42590955	0.5740905
1	0.40475258	0.59524745
1	0.43019262	0.5698074
1	0.46341014	0.53658986
1	0.44143203	0.558568
1	0.35627094	0.6437291
1	0.41814387	0.58185613
1	0.4840075	0.51599246
1	0.41733748	0.5826625
1	0.3579492	0.6420508
1	0.4395859	0.56041414
1	0.42797738	0.57202256
1	0.42164814	0.5783519
0	0.65252197	0.347478
1	0.48770663	0.51229334
1	0.4269987	0.57300127
0	0.51245064	0.4875494
0	0.5116797	0.4883203
1	0.46417207	0.53582793
0	0.65252197	0.347478
1	0.40321025	0.5967898
1	0.40949878	0.5905012
1	0.43933246	0.5606675
1	0.30490392	0.695096
1	0.45525178	0.5447482
1	0.46054816	0.53945184
1	0.4422169	0.55778307
1	0.4910304	0.5089696
1	0.42334124	0.5766587
1	0.46639773	0.5336023
1	0.42943946	0.5705605
1	0.46016923	0.5398308
1	0.4750149	0.52498513
1	0.42308462	0.5769154
1	0.47867158	0.5213284
0	0.50545514	0.49454483
1	0.43197897	0.568021
1	0.45728728	0.54271275
0	0.5217883	0.47821173
1	0.41910523	0.58089477
1	0.46030998	0.53969
1	0.4823685	0.51763153
0	0.5349247	0.4650753
1	0.45294604	0.54705393
1	0.47616822	0.5238318
1	0.4462724	0.55372757
1	0.35488245	0.6451175
1	0.46778232	0.5322177
1	0.42250034	0.5774997
1	0.42871553	0.5712844
1	0.45135924	0.5486407
1	0.48164526	0.5183548
1	0.33035862	0.6696414
0	0.5017893	0.49821073
1	0.40994585	0.5900542
1	0.46221802	0.537782
1	0.39967227	0.60032773
1	0.41658658	0.5834134
1	0.47085786	0.52914214
1	0.44955552	0.5504445
1	0.44086275	0.5591372
1	0.42684287	0.5731572
1	0.41354433	0.5864557
1	0.42476588	0.5752341
1	0.39479268	0.6052073
1	0.40930235	0.59069765
1	0.41592473	0.5840753
1	0.42082304	0.57917696
1	0.46587574	0.5341243
1	0.4128978	0.58710223
1	0.3628452	0.6371548
1	0.42102718	0.57897276
1	0.44152966	0.55847037
1	0.4618018	0.53819823
1	0.43238777	0.56761223
1	0.456003	0.543997
1	0.40326992	0.59673005
1	0.4621149	0.5378851
1	0.4658956	0.5341044
1	0.4322071	0.56779283
1	0.48091084	0.51908916
1	0.45217597	0.547824
0	0.52551496	0.474485
1	0.42952627	0.57047373
1	0.45909747	0.54090255
1	0.4253201	0.5746799
1	0.48035717	0.51964283
1	0.41435462	0.5856454
1	0.39923307	0.6007669
1	0.44151896	0.558481
1	0.47085786	0.52914214
1	0.4211425	0.57885754
1	0.39426208	0.6057379
1	0.4126426	0.5873574
1	0.36799043	0.63200957
1	0.45363674	0.54636323
1	0.4523814	0.5476186
1	0.40746847	0.5925315
1	0.41226286	0.58773714
1	0.47353584	0.52646416
1	0.47085786	0.52914214
0	0.53981936	0.4601807
1	0.48974967	0.51025033
1	0.49122453	0.5087755
1	0.37990615	0.6200939
1	0.42884108	0.5711589
1	0.4618878	0.5381122
1	0.3902302	0.6097698
1	0.41947687	0.58052313
0	0.5016484	0.4983516
1	0.44260305	0.55739695
1	0.4661396	0.5338604
1	0.4353275	0.56467247
1	0.4654622	0.53453785
1	0.48347586	0.51652414
1	0.34055758	0.6594424
1	0.42596886	0.5740311
1	0.46939322	0.53060675
0	0.5210289	0.47897112
0	0.65252197	0.347478
0	0.5250296	0.47497037
1	0.435462	0.564538
1	0.4463154	0.5536846
1	0.44786668	0.5521333
1	0.42037895	0.579621
1	0.45757115	0.54242885
1	0.43122944	0.5687705
1	0.40987104	0.59012896
1	0.45515865	0.54484135
1	0.4480384	0.5519616
1	0.4491325	0.5508675
1	0.45928425	0.54071575
1	0.4448164	0.5551836
0	0.65252197	0.347478
1	0.40719676	0.59280324
0	0.5053667	0.49463335
1	0.42704713	0.5729529
1	0.3745432	0.6254568
1	0.40835553	0.5916444
1	0.4333908	0.5666092
1	0.39885652	0.6011435
1	0.3927066	0.60729337
0	0.58666885	0.41333112
1	0.40439987	0.5956002
1	0.40145123	0.59854877
1	0.38716394	0.61283606
1	0.44051325	0.5594867
1	0.43658504	0.563415
1	0.47465748	0.5253425
1	0.44421914	0.5557809
0	0.5072419	0.4927581
1	0.33913413	0.66086584
1	0.4192244	0.58077556
1	0.33835834	0.66164166
1	0.4772398	0.5227602
1	0.40993786	0.59006214
1	0.43376622	0.5662338
1	0.3841087	0.6158913
1	0.49075863	0.5092414
1	0.48357812	0.5164219
1	0.42738852	0.57261145
1	0.43954563	0.5604544
1	0.46479887	0.53520113
1	0.4566901	0.54330987
1	0.3850437	0.6149563
1	0.49301225	0.50698775
1	0.49060258	0.50939745
1	0.42772448	0.5722755
1	0.4307138	0.56928617
1	0.45335302	0.546647
1	0.47883162	0.5211684
1	0.3911979	0.60880214
0	0.52159256	0.47840744
1	0.38839072	0.6116093
1	0.4590188	0.5409812
1	0.46513364	0.53486633
1	0.47808394	0.52191603
1	0.4177054	0.5822946
1	0.4183772	0.58162284
1	0.4521465	0.5478535
1	0.4514805	0.5485195
1	0.4933772	0.50662285
1	0.42462876	0.57537127
1	0.35819322	0.6418067
1	0.4373927	0.5626072
1	0.4409626	0.5590374
1	0.31986922	0.6801308
1	0.4475877	0.5524123
1	0.44034252	0.55965745
1	0.44853625	0.5514637
1	0.4256269	0.5743731
1	0.42057917	0.5794208
1	0.4673348	0.53266525
1	0.38836175	0.6116383
1	0.3942698	0.6057302
1	0.41477618	0.58522385
1	0.48380557	0.5161944
1	0.43870074	0.5612992
0	0.65252197	0.347478
1	0.46299982	0.5370002
1	0.41868857	0.58131146
1	0.46167287	0.53832716
1	0.43569034	0.5643096
1	0.3327761	0.6672239
0	0.5239116	0.47608843
1	0.43274724	0.5672528
1	0.4509165	0.54908353
1	0.4132716	0.5867284
1	0.42315727	0.5768427
0	0.5003031	0.49969694
0	0.51706535	0.48293462
1	0.41084686	0.5891531
0	0.65252197	0.347478
1	0.47189018	0.5281098
1	0.4120326	0.5879674
1	0.4792886	0.52071136
1	0.30379313	0.6962068
1	0.4371774	0.5628226
1	0.47085786	0.52914214
1	0.42311093	0.57688904
1	0.4480673	0.55193263
1	0.49472386	0.50527614
1	0.47666332	0.5233367
0	0.5106039	0.48939613
1	0.49215811	0.5078419
0	0.5492134	0.45078656
1	0.38692218	0.6130778
1	0.44219366	0.5578064
1	0.44251567	0.5574843
1	0.46646643	0.5335335
0	0.5264059	0.47359416
1	0.41916728	0.5808327
1	0.3565345	0.6434655
1	0.36839613	0.6316039
1	0.43536597	0.5646341
1	0.47637814	0.5236219
1	0.40846267	0.59153736
1	0.39535266	0.60464734
1	0.47140414	0.52859586
1	0.49260375	0.5073962
1	0.42461666	0.5753833
1	0.45316073	0.54683924
1	0.44626814	0.55373186
1	0.40199515	0.5980048
0	0.50994974	0.49005023
1	0.38454193	0.615458
1	0.4209079	0.5790921
1	0.43664923	0.56335074
1	0.41921696	0.580783
1	0.44201928	0.5579808
0	0.5251097	0.4748903
1	0.4579558	0.5420442
1	0.43916908	0.5608309
1	0.39342734	0.6065726
1	0.4918263	0.50817376
1	0.39545596	0.60454404
1	0.4480008	0.5519992
1	0.4547725	0.5452275
1	0.4873164	0.5126836
1	0.4001696	0.5998304
1	0.40960756	0.5903924
1	0.4330912	0.5669088
1	0.4509061	0.54909384
1	0.37267125	0.62732875
0	0.65252197	0.347478
1	0.42165995	0.57834005
1	0.43876135	0.5612387
1	0.47670487	0.52329516
1	0.4974184	0.5025816
1	0.40766513	0.5923348
1	0.40076643	0.59923357
1	0.3939467	0.6060533
1	0.41256082	0.5874392
1	0.41274303	0.587257
1	0.48635447	0.5136455
1	0.4380565	0.5619435
1	0.3991666	0.60083336
1	0.3840998	0.6159002
1	0.44412565	0.55587435
1	0.44011834	0.5598816
1	0.39129442	0.6087056
1	0.38787806	0.6121219
1	0.47095287	0.52904713
1	0.42679682	0.5732032
1	0.42212385	0.5778761
1	0.43832922	0.5616708
0	0.51834106	0.4816589
1	0.426262	0.57373804
1	0.4800949	0.5199051
0	0.53997713	0.46002287
1	0.35687667	0.6431234
1	0.44765055	0.55234945
1	0.42751753	0.5724825
1	0.48442703	0.51557297
1	0.4435308	0.55646926
1	0.47788358	0.5221164
1	0.4167012	0.5832988
1	0.43839476	0.5616053
1	0.4575387	0.54246134
1	0.47185513	0.5281449
1	0.38841793	0.6115821
1	0.4054422	0.5945578
1	0.4304454	0.5695546
0	0.65252197	0.347478
1	0.43643364	0.5635663
1	0.4698281	0.53017193
1	0.41788486	0.5821151
1	0.41522714	0.5847729
1	0.41521284	0.58478713
1	0.4179692	0.5820308
1	0.4341354	0.56586456
1	0.4250416	0.57495844
0	0.65252197	0.347478
1	0.47085786	0.52914214
1	0.4113961	0.5886039
1	0.4388027	0.56119734
1	0.47353745	0.52646255
1	0.44710964	0.5528903
1	0.42593315	0.5740668
1	0.46928602	0.530714
0	0.65252197	0.347478
1	0.4023221	0.5976779
1	0.45646283	0.54353714
1	0.4730831	0.52691686
1	0.4602303	0.5397697
1	0.49122757	0.5087725
0	0.51911604	0.48088393
1	0.48008516	0.51991487
1	0.37733132	0.6226686
1	0.42772648	0.57227355
1	0.40496674	0.5950332
1	0.4502504	0.5497497
1	0.43905842	0.5609415
1	0.3742359	0.6257641
1	0.39111343	0.60888654
1	0.40306404	0.5969359
1	0.37046954	0.6295305
1	0.44810516	0.5518949
1	0.46478897	0.535211
1	0.48760635	0.51239365
1	0.42006418	0.5799358
1	0.44305456	0.55694544
1	0.45024142	0.5497586
1	0.41864097	0.581359
1	0.34529972	0.6547003
1	0.3583233	0.6416767
1	0.40989348	0.59010655
1	0.4793078	0.5206922
1	0.42631602	0.573684
1	0.4412229	0.5587771
0	0.5298897	0.47011027
1	0.44530043	0.55469954
1	0.40186712	0.5981329
0	0.65252197	0.347478
1	0.49928972	0.50071025
1	0.47781774	0.5221823
1	0.44228762	0.5577124
1	0.42982134	0.5701786
1	0.4617248	0.53827524
1	0.4178789	0.58212113
1	0.4097734	0.5902266
1	0.40192592	0.5980741
1	0.44275475	0.5572452
1	0.429156	0.570844
1	0.47871917	0.5212808
1	0.49630782	0.5036922
1	0.40063882	0.59936124
1	0.44666016	0.55333984
1	0.44629973	0.55370027
1	0.44082996	0.55917007
1	0.43176025	0.5682398
1	0.41708872	0.58291125
1	0.40929785	0.5907021
1	0.46832958	0.5316704
1	0.44782907	0.552171
1	0.4846958	0.51530427
0	0.65252197	0.347478
1	0.48404422	0.51595575
0	0.5029143	0.49708566
1	0.45275134	0.5472487
1	0.42627808	0.57372195
1	0.3982555	0.6017445
1	0.41275644	0.5872436
1	0.44348812	0.55651194
0	0.5082938	0.49170616
1	0.48742852	0.51257145
1	0.39385873	0.60614127
1	0.4044217	0.59557825
1	0.4611304	0.53886956
1	0.41626027	0.58373976
1	0.40520537	0.5947947
0	0.5200518	0.47994822
0	0.65252197	0.347478
0	0.65252197	0.347478
1	0.42146346	0.5785365
0	0.65252197	0.347478
1	0.49251062	0.5074894
1	0.45713386	0.5428661
1	0.4857605	0.5142395
1	0.42358765	0.5764123
1	0.4437626	0.5562374
1	0.38445064	0.6155493
1	0.43915826	0.5608418
0	0.65252197	0.347478
1	0.45181486	0.5481851
1	0.4125681	0.58743197
1	0.4907424	0.50925756
0	0.52698904	0.473011
1	0.4298556	0.5701444
1	0.46265572	0.5373443
1	0.46268454	0.5373154
1	0.44150668	0.5584933
1	0.34121603	0.658784
1	0.48224372	0.5177563
1	0.39534277	0.60465723
1	0.3694229	0.6305771
1	0.35721192	0.64278805
1	0.4425683	0.5574317
0	0.51660156	0.4833984
1	0.4259241	0.57407594
1	0.40354618	0.5964538
0	0.50311536	0.4968847
1	0.4101485	0.5898515
1	0.43220925	0.5677907
0	0.50228286	0.4977171
1	0.3873537	0.6126463
1	0.4323006	0.56769943
0	0.51810443	0.48189554
1	0.3851495	0.61485046
1	0.43128598	0.568714
1	0.45738256	0.5426175
1	0.4846633	0.5153367
1	0.41838863	0.58161134
0	0.5242531	0.4757469
1	0.40222195	0.597778
1	0.35521403	0.64478594
1	0.41190356	0.58809644
1	0.46419695	0.535803
1	0.41190252	0.58809745
1	0.4115904	0.58840954
1	0.36551893	0.6344811
1	0.4268611	0.5731389
1	0.44233072	0.5576693
1	0.4534891	0.54651093
1	0.4511504	0.54884964
1	0.3910457	0.60895425
1	0.44316244	0.5568375
1	0.4191492	0.58085084
1	0.27690908	0.7230909
1	0.35871086	0.6412891
1	0.40775508	0.5922449
1	0.4245195	0.57548046
1	0.40851808	0.5914819
1	0.40148187	0.5985182
1	0.47311038	0.52688956
0	0.65252197	0.347478
1	0.38696092	0.613039
1	0.465082	0.534918
1	0.48754612	0.5124539
1	0.45569965	0.5443004
1	0.4186658	0.58133423
1	0.44251803	0.557482
1	0.4369873	0.56301266
1	0.3586496	0.6413504
0	0.513726	0.48627403
1	0.4894516	0.5105484
1	0.49708563	0.50291437
1	0.39516404	0.604836
1	0.48330727	0.51669276
0	0.65252197	0.347478
1	0.4257798	0.5742202
1	0.46781272	0.5321873
1	0.43730417	0.5626958
1	0.4870941	0.5129059
1	0.47304815	0.52695185
1	0.4656944	0.5343056
1	0.4660112	0.5339888
1	0.46126857	0.5387314
1	0.41903755	0.5809625
1	0.4244509	0.5755491
1	0.4202059	0.57979405
1	0.42527476	0.5747253
1	0.4224131	0.5775869
1	0.421941	0.57805896
1	0.39394018	0.60605985
0	0.5347859	0.46521404
1	0.37468693	0.6253131
1	0.47709975	0.5229002
1	0.44208896	0.557911
1	0.42278978	0.5772102
1	0.46176037	0.53823966
1	0.41385224	0.5861478
1	0.43182677	0.5681733
0	0.50913256	0.4908674
1	0.49081978	0.50918025
1	0.43835875	0.5616412
1	0.46124345	0.5387565
1	0.4487185	0.5512815
1	0.39906952	0.60093045
1	0.42395407	0.57604593
1	0.43960738	0.5603926
1	0.43084762	0.56915236
1	0.44706962	0.5529304
1	0.41491848	0.5850816
1	0.48677918	0.5132208
0	0.5114878	0.48851222
1	0.43351865	0.56648135
1	0.47252324	0.5274768
1	0.3802219	0.6197781
1	0.42363152	0.5763685
0	0.5452006	0.45479944
1	0.4860374	0.5139626
1	0.36741632	0.6325837
1	0.40405485	0.5959452
1	0.43781707	0.5621829
1	0.45993817	0.54006183
1	0.4293675	0.5706325
1	0.4659318	0.53406817
1	0.36644655	0.6335535
1	0.41301778	0.58698225
1	0.43268263	0.56731737
1	0.41260898	0.5873911
1	0.3767204	0.62327963
1	0.42882475	0.5711753
0	0.65252197	0.347478
1	0.44132987	0.5586701
1	0.39286494	0.60713506
1	0.39841232	0.60158765
1	0.39386854	0.6061315
1	0.3782618	0.6217382
1	0.4937873	0.5062127
1	0.41480199	0.585198
1	0.43645	0.56355
0	0.65252197	0.347478
1	0.40172347	0.5982765
1	0.37397727	0.6260227
1	0.40638188	0.59361815
1	0.4459538	0.5540462
1	0.39280686	0.6071932
1	0.43607047	0.56392956
1	0.42858687	0.5714131
1	0.44776246	0.5522375
1	0.41400823	0.58599174
1	0.4066711	0.59332883
1	0.44323495	0.5567651
0	0.5391098	0.46089023
1	0.37958768	0.6204123
1	0.4462334	0.5537666
1	0.44780028	0.5521997
0	0.5022742	0.49772578
0	0.65252197	0.347478
1	0.44033423	0.55966574
0	0.65252197	0.347478
0	0.65252197	0.347478
1	0.2869469	0.7130531
1	0.3681955	0.63180447
0	0.65252197	0.347478
1	0.46161395	0.53838605
1	0.41885346	0.5811465
1	0.4723001	0.5276998
1	0.44238132	0.5576187
1	0.4249058	0.5750942
1	0.3970025	0.6029975
1	0.44256997	0.55743
1	0.3185649	0.6814351
1	0.4240903	0.57590973
0	0.65252197	0.347478
1	0.42949528	0.5705047
1	0.4834051	0.5165949
1	0.4770108	0.5229892
1	0.38596427	0.61403567
1	0.4992686	0.5007314
1	0.4589952	0.54100484
1	0.40280792	0.5971921
1	0.4427955	0.5572045
1	0.4285749	0.5714251
1	0.43584618	0.56415385
1	0.4390678	0.56093216
1	0.48275134	0.5172487
0	0.5467813	0.45321876
1	0.42704362	0.5729563
1	0.44247597	0.557524
1	0.40262127	0.59737873
1	0.45062932	0.5493707
0	0.50396466	0.4960353
1	0.42965883	0.57034117
1	0.41022572	0.58977425
1	0.42101032	0.5789897
0	0.65252197	0.347478
0	0.50405544	0.49594453
1	0.42969358	0.57030636
1	0.42799288	0.5720071
1	0.41001758	0.5899824
1	0.43625027	0.56374973
1	0.42117614	0.57882386
1	0.4423043	0.5576956
1	0.4853306	0.5146694
1	0.42050332	0.57949674
1	0.3661918	0.63380814
1	0.47324967	0.52675027
1	0.45085844	0.5491416
1	0.4730882	0.52691174
1	0.49912846	0.50087154
1	0.42681855	0.57318145
1	0.4314924	0.5685076
1	0.38194275	0.61805725
1	0.43916768	0.5608323
1	0.39344704	0.60655296
1	0.42803326	0.5719667
0	0.53103536	0.46896467
1	0.43664506	0.56335497
1	0.32078174	0.67921823
1	0.45280895	0.547191
1	0.40774873	0.5922513
1	0.42457822	0.57542175
1	0.44289288	0.5571071
1	0.38580313	0.61419684
1	0.4503712	0.5496288
0	0.65252197	0.347478
1	0.441931	0.558069
0	0.65252197	0.347478
1	0.38948572	0.6105143
1	0.34610477	0.6538952
1	0.4003176	0.5996824
1	0.36780804	0.63219196
1	0.4666115	0.5333885
1	0.4658521	0.5341479
1	0.47822776	0.52177227
1	0.46712744	0.53287256
1	0.4742214	0.5257786
1	0.4103594	0.5896406
1	0.4171549	0.58284515
1	0.4021025	0.59789747
1	0.43107358	0.56892645
0	0.51416475	0.48583522
1	0.45856407	0.5414359
1	0.4515956	0.5484044
1	0.41892374	0.5810763
1	0.48469102	0.5153089
1	0.4106943	0.58930564
1	0.41790336	0.5820966
1	0.45613438	0.5438656
1	0.32948825	0.6705118
1	0.38250965	0.61749035
1	0.43361697	0.56638306
1	0.44925275	0.5507473
1	0.44885585	0.5511441
1	0.49725226	0.5027478
1	0.42739522	0.5726048
1	0.4023239	0.5976761
1	0.456056	0.54394394
1	0.44194505	0.558055
1	0.40149042	0.5985096
1	0.4960558	0.5039442
1	0.44695905	0.5530409
1	0.48265016	0.51734984
1	0.44819438	0.55180556
1	0.41749254	0.58250743
1	0.49650192	0.50349814
1	0.44488057	0.5551194
1	0.4185891	0.5814109
1	0.43149942	0.5685006
0	0.5056898	0.4943102
0	0.5417013	0.45829865
1	0.4212678	0.57873225
1	0.452828	0.547172
1	0.47990295	0.5200971
1	0.45342603	0.546574
1	0.44896674	0.5510333
1	0.42778534	0.57221466
1	0.39528868	0.6047113
1	0.3415173	0.6584827
1	0.34353516	0.6564648
1	0.47110435	0.5288957
1	0.4729389	0.5270611
1	0.4138506	0.5861494
1	0.44975838	0.5502416
1	0.49352336	0.50647664
1	0.42915195	0.57084805
1	0.40521264	0.59478736
1	0.48413995	0.5158601
1	0.43588868	0.5641113
1	0.39335278	0.60664725
1	0.49290177	0.5070982
1	0.44100523	0.55899477
1	0.47761983	0.5223802
0	0.5073229	0.49267706
1	0.45133534	0.5486647
1	0.46075755	0.5392424
0	0.5036376	0.49636236
1	0.4422493	0.5577507
0	0.50575763	0.49424237
1	0.48347586	0.51652414
1	0.4183069	0.5816931
1	0.4330302	0.5669699
1	0.34441358	0.65558636
1	0.46464592	0.5353541
1	0.41016695	0.589833
1	0.42286852	0.5771315
1	0.4475482	0.5524518
1	0.41173425	0.5882657
1	0.47163904	0.52836096
1	0.44030172	0.5596983
1	0.47358274	0.52641726
0	0.55727935	0.44272065
1	0.42931348	0.5706865
1	0.4156998	0.5843002
1	0.42004082	0.5799592
0	0.5183567	0.4816433
1	0.4223326	0.57766736
1	0.4914769	0.50852317
1	0.41109315	0.5889068
1	0.4584314	0.5415686
1	0.45509663	0.5449034
1	0.3865412	0.6134589
1	0.49444616	0.5055539
1	0.34885874	0.6511412
1	0.39997476	0.6000252
1	0.43162587	0.56837416
1	0.4147	0.5853
1	0.3711394	0.6288606
1	0.43150926	0.5684908
1	0.47085786	0.52914214
1	0.40535313	0.59464693
1	0.4625082	0.53749174
1	0.48775384	0.5122462
1	0.46631253	0.5336875
1	0.46199644	0.5380035
1	0.43500245	0.56499755
1	0.45570284	0.54429716
0	0.53997344	0.4600266
1	0.43580034	0.5641997
1	0.41674092	0.58325905
1	0.44144383	0.5585562
1	0.40362594	0.59637403
1	0.43115482	0.56884515
1	0.39185598	0.608144
1	0.36971068	0.6302893
1	0.418907	0.581093
1	0.44988048	0.5501195
1	0.39522853	0.60477144
1	0.43721244	0.56278753
1	0.40259263	0.5974074
1	0.43461025	0.5653897
1	0.37910184	0.6208982
1	0.4223552	0.5776448
0	0.51672405	0.48327598
1	0.44325328	0.55674666
1	0.40941158	0.5905884
0	0.65252197	0.347478
1	0.42374974	0.5762502
1	0.42277485	0.57722515
1	0.48003832	0.5199617
1	0.47930515	0.5206948
1	0.4385167	0.56148326
1	0.43853888	0.5614611
0	0.5338183	0.4661817
1	0.43122756	0.5687724
1	0.4243859	0.5756141
1	0.46546036	0.53453964
1	0.44907308	0.5509269
0	0.65252197	0.347478
0	0.65252197	0.347478
1	0.3494748	0.65052515
1	0.43230417	0.56769586
1	0.46956918	0.53043085
1	0.38080427	0.6191957
1	0.41509888	0.5849011
0	0.5195114	0.48048857
1	0.41213885	0.5878611
1	0.41968116	0.58031887
1	0.43388116	0.5661189
1	0.42591402	0.57408595
1	0.4355754	0.5644246
0	0.5322651	0.46773484
0	0.65252197	0.347478
0	0.65252197	0.347478
0	0.50537086	0.49462917
1	0.49794027	0.5020597
1	0.39143297	0.608567
1	0.4374936	0.5625064
1	0.43277794	0.56722206
1	0.40367076	0.5963293
1	0.47891644	0.5210836
1	0.40594438	0.5940556
1	0.40937495	0.590625
0	0.5513239	0.44867608
1	0.4262396	0.57376033
1	0.46719974	0.53280026
1	0.48948514	0.51051486
1	0.47726125	0.5227388
0	0.51730645	0.48269352
1	0.44931865	0.55068135
1	0.4009809	0.59901917
1	0.4371574	0.56284267
1	0.44253874	0.55746126
0	0.65252197	0.347478
1	0.40213904	0.597861
1	0.4668895	0.5331105
1	0.3815297	0.6184703
0	0.65252197	0.347478
1	0.39326388	0.60673606
1	0.4798779	0.5201222
1	0.42440525	0.5755948
1	0.40871835	0.5912816
1	0.40587258	0.59412736
1	0.42498058	0.57501936
1	0.37725395	0.62274605
0	0.5267693	0.47323072
1	0.45936248	0.5406375
1	0.4308407	0.5691593
1	0.4631975	0.53680253
1	0.4703706	0.52962947
1	0.4246865	0.5753135
0	0.5176983	0.4823017
1	0.49665642	0.50334364
1	0.46424305	0.53575695
0	0.50958806	0.490412
1	0.42940867	0.57059133
1	0.4190629	0.5809371
1	0.4195838	0.5804162
1	0.46340147	0.5365985
1	0.37256628	0.6274337
1	0.48547623	0.5145238
1	0.43958652	0.5604135
1	0.4695555	0.5304445
1	0.471146	0.528854
1	0.4887235	0.51127654
1	0.43901846	0.5609815
1	0.4147187	0.5852813
1	0.45109797	0.548902
1	0.38292515	0.61707485
1	0.37764463	0.6223554
1	0.491322	0.50867796
1	0.4495015	0.5504985
1	0.4038688	0.5961312
1	0.37709463	0.6229054
1	0.41208062	0.5879194
1	0.46624145	0.5337585
0	0.53025275	0.46974722
1	0.4958722	0.5041278
1	0.4521801	0.54782
1	0.37824872	0.62175125
1	0.3552291	0.64477086
1	0.47967425	0.5203257
1	0.48002544	0.5199745
1	0.4838496	0.51615036
0	0.5279189	0.47208112
1	0.42487833	0.57512164
1	0.39659372	0.6034063
1	0.44455186	0.5554482
1	0.43423715	0.5657629
1	0.41580623	0.58419377
1	0.4874349	0.5125651
1	0.4125562	0.58744377
1	0.4037503	0.5962497
1	0.47336638	0.5266336
1	0.49728993	0.50271004
1	0.43662742	0.56337255
0	0.53045964	0.4695404
0	0.504738	0.49526203
1	0.41187912	0.5881209
1	0.4230059	0.5769941
1	0.47320077	0.5267992
1	0.4472351	0.55276495
1	0.37826705	0.62173295
1	0.48309717	0.51690286
1	0.44265765	0.55734235
1	0.44375986	0.5562401
1	0.4137851	0.5862149
0	0.65252197	0.347478
0	0.53944224	0.46055776
0	0.50915897	0.49084103
1	0.41008925	0.5899108
1	0.4788173	0.5211827
0	0.518896	0.48110402
1	0.42622912	0.5737709
1	0.48869726	0.5113027
1	0.4512631	0.54873693
1	0.45777813	0.54222184
1	0.475506	0.524494
1	0.40385956	0.59614044
1	0.4065858	0.5934141
1	0.40274578	0.59725416
1	0.35563198	0.644368
1	0.42860198	0.57139796
1	0.48618826	0.51381177
1	0.43038204	0.5696179
1	0.4078376	0.5921624
1	0.34509608	0.65490395
1	0.34356442	0.65643555
0	0.5326038	0.46739623
0	0.57483256	0.42516744
1	0.38980186	0.6101982
1	0.45351803	0.54648197
1	0.49536225	0.5046377
1	0.4398541	0.560146
1	0.46540165	0.53459835
1	0.40151173	0.5984883
1	0.43748274	0.5625172
1	0.4089317	0.5910683
0	0.5016218	0.4983782
1	0.44117802	0.5588219
0	0.5267465	0.47325352
1	0.48391888	0.51608115
1	0.4660451	0.53395486
1	0.41840905	0.581591
1	0.4906124	0.5093876
1	0.4849164	0.5150837
1	0.39472127	0.60527873
1	0.4149903	0.58500963
1	0.4459718	0.5540282
1	0.44356886	0.5564312
1	0.41331592	0.5866841
1	0.4885536	0.51144636
1	0.40274912	0.5972509
1	0.4312261	0.5687739
1	0.47847334	0.52152663
1	0.46641386	0.53358614
1	0.446268	0.553732
1	0.4094328	0.59056723
1	0.45457965	0.5454204
1	0.32564753	0.6743525
1	0.40456763	0.5954324
1	0.39423797	0.60576206
0	0.65252197	0.347478
1	0.4741473	0.5258527
1	0.43970394	0.56029606
1	0.4610697	0.5389303
1	0.41354978	0.58645016
0	0.5281854	0.4718146
1	0.45229226	0.54770774
0	0.5007249	0.4992751
1	0.470087	0.529913
0	0.65252197	0.347478
0	0.5338183	0.4661817
1	0.49541777	0.5045822
1	0.40295944	0.59704053
1	0.4344501	0.5655499
1	0.4555699	0.54443014
1	0.46858987	0.53141016
1	0.4576673	0.5423327
1	0.43811196	0.5618881
1	0.41251478	0.5874852
1	0.42900255	0.5709975
0	0.5136125	0.4863875
1	0.42911258	0.5708874
1	0.42652172	0.5734783
1	0.4199275	0.58007246
0	0.65252197	0.347478
1	0.4115114	0.58848864
1	0.43440273	0.56559724
1	0.4358957	0.56410426
1	0.42699453	0.57300544
1	0.45417792	0.5458221
1	0.4366786	0.5633215
1	0.4373512	0.56264883
1	0.42205977	0.5779402
1	0.44310728	0.5568927
1	0.41403592	0.5859641
1	0.35631797	0.643682
1	0.43788785	0.56211215
1	0.41492966	0.5850703
1	0.37739724	0.6226027
1	0.38803667	0.61196333
1	0.35249618	0.64750385
1	0.44555458	0.55444545
1	0.44741082	0.5525892
1	0.47124684	0.5287531
1	0.39449415	0.6055059
1	0.48876792	0.5112321
1	0.42260364	0.5773964
1	0.46884105	0.5311589
1	0.46875167	0.53124833
0	0.5049635	0.49503648
1	0.42321068	0.5767893
1	0.47372025	0.5262797
1	0.47185838	0.52814156
1	0.4449565	0.55504346
1	0.419188	0.58081204
1	0.47695628	0.5230437
1	0.40790042	0.59209955
1	0.45476726	0.5452327
1	0.4408034	0.5591966
1	0.4040632	0.59593683
1	0.43662864	0.5633713
1	0.4071533	0.5928467
1	0.41916007	0.58083993
1	0.44723085	0.5527691
1	0.4364195	0.5635806
0	0.65252197	0.347478
1	0.42009678	0.57990324
1	0.38332534	0.61667466
1	0.481958	0.518042
1	0.40372995	0.5962701
1	0.4369516	0.56304836
1	0.40868518	0.5913148
1	0.40494183	0.5950582
1	0.42929587	0.57070416
1	0.47912675	0.52087325
1	0.47068232	0.5293177
1	0.39807802	0.601922
1	0.46500432	0.5349957
1	0.4286105	0.5713895
1	0.42446893	0.57553107
1	0.42925823	0.5707418
1	0.41679922	0.58320075
1	0.4855411	0.5144589
1	0.44783193	0.5521681
1	0.4152474	0.58475256
1	0.41570875	0.5842912
1	0.40895456	0.5910454
1	0.33127546	0.66872454
1	0.42884865	0.5711513
1	0.49477196	0.50522804
1	0.40551656	0.59448344
1	0.40214407	0.5978559
1	0.47259727	0.52740276
1	0.4825369	0.517463
1	0.46961626	0.5303837
1	0.46616024	0.5338397
1	0.40394157	0.5960584
1	0.49155733	0.50844264
1	0.4767433	0.5232567
1	0.47042158	0.52957845
1	0.44021899	0.559781
1	0.41334373	0.5866562
1	0.4676018	0.53239816
1	0.46616024	0.5338397
1	0.35070077	0.64929926
0	0.65252197	0.347478
0	0.50067425	0.49932575
1	0.4151604	0.58483964
1	0.38265422	0.61734575
0	0.5046833	0.49531665
1	0.39129677	0.60870326
1	0.38782537	0.61217463
1	0.44116753	0.5588325
1	0.4203833	0.57961667
1	0.46270278	0.5372972
1	0.44681555	0.5531844
1	0.41419253	0.58580744
1	0.446217	0.55378306
1	0.4849919	0.51500815
1	0.42862993	0.5713701
1	0.4135492	0.58645076
1	0.4516179	0.5483821
1	0.4796653	0.5203347
1	0.48657015	0.5134299
1	0.3991798	0.60082024
1	0.38925937	0.6107406
1	0.34720522	0.6527948
1	0.3796888	0.6203112
1	0.44073254	0.55926746
0	0.65252197	0.347478
1	0.46975413	0.53024584
1	0.37153095	0.62846905
1	0.444676	0.55532396
1	0.41055942	0.5894406
1	0.45278788	0.5472121
1	0.37603855	0.62396145
1	0.35429016	0.6457099
0	0.5155662	0.48443386
1	0.37956768	0.6204323
1	0.40499577	0.59500426
1	0.4036372	0.5963628
0	0.65252197	0.347478
1	0.4684393	0.53156066
1	0.48991206	0.51008797
1	0.49394777	0.5060522
1	0.40592828	0.59407175
0	0.5221922	0.47780785
1	0.47731084	0.52268916
1	0.47759342	0.5224066
1	0.37771553	0.6222845
1	0.42411718	0.57588285
1	0.47279024	0.52720976
1	0.41788614	0.58211386
1	0.4039654	0.59603465
1	0.49551392	0.5044861
1	0.4357771	0.56422293
0	0.5245038	0.47549614
1	0.46670848	0.5332915
1	0.3827335	0.61726654
1	0.41278476	0.58721524
1	0.43736872	0.5626313
1	0.40111226	0.5988877
1	0.36409006	0.63591
1	0.35516012	0.6448399
0	0.65252197	0.347478
1	0.46618217	0.53381777
1	0.32421422	0.6757858
1	0.40706038	0.59293956
1	0.43170998	0.56829005
1	0.37980434	0.6201957
0	0.54061025	0.45938972
1	0.43536574	0.5646342
1	0.43826318	0.5617368
1	0.40870926	0.5912908
1	0.43607855	0.56392145
1	0.47099856	0.5290014
1	0.41955006	0.58044994
1	0.4124059	0.5875941
0	0.5554867	0.44451332
0	0.65252197	0.347478
1	0.3875724	0.6124276
1	0.43248037	0.5675196
0	0.5027645	0.4972355
1	0.42685676	0.57314324
1	0.40188375	0.5981163
1	0.49138474	0.50861526
1	0.43284935	0.5671507
1	0.38920045	0.61079955
1	0.44433624	0.55566376
1	0.38785604	0.612144
1	0.45886773	0.5411323
1	0.36548927	0.6345107
1	0.4710396	0.52896035
1	0.4751281	0.5248719
1	0.488842	0.511158
0	0.65252197	0.347478
1	0.37177333	0.6282267
1	0.3646678	0.6353322
1	0.3893755	0.6106245
0	0.6164926	0.3835073
1	0.35704678	0.6429532
1	0.46756512	0.5324349
1	0.41389143	0.5861085
1	0.42140338	0.57859665
1	0.43397185	0.5660282
0	0.5129089	0.48709118
0	0.5089817	0.49101833
1	0.42956436	0.5704357
1	0.47908244	0.52091753
1	0.49535206	0.504648
1	0.3608826	0.6391174
1	0.42723086	0.57276917
1	0.38088053	0.61911947
1	0.38989976	0.61010027
1	0.42218602	0.577814
1	0.4426529	0.55734706
0	0.65252197	0.347478
1	0.4642001	0.5357999
1	0.42768505	0.572315
1	0.39963213	0.6003679
1	0.36009106	0.6399089
0	0.65252197	0.347478
1	0.41995135	0.5800487
1	0.39099264	0.60900736
1	0.40087533	0.59912467
1	0.4361813	0.56381875
1	0.43718317	0.5628168
1	0.4339611	0.5660389
1	0.40735638	0.5926436
1	0.4204045	0.57959557
0	0.5037683	0.49623165
1	0.448139	0.551861
1	0.47483206	0.525168
1	0.44629338	0.5537066
1	0.40612575	0.5938743
1	0.42341235	0.5765876
1	0.47293112	0.52706885
1	0.4576806	0.54231936
1	0.4395432	0.5604568
1	0.4735445	0.52645546
1	0.46551564	0.5344844
1	0.38181263	0.61818737
1	0.43625578	0.5637442
1	0.46800193	0.5319981
0	0.5050471	0.49495295
1	0.47145092	0.5285491
1	0.3611847	0.6388153
1	0.444223	0.555777
1	0.47416127	0.52583873
0	0.5303527	0.46964726
1	0.37841743	0.62158257
1	0.34015146	0.6598485
1	0.4179285	0.5820715
1	0.42068067	0.5793193
1	0.39845258	0.6015474
1	0.43317118	0.56682885
1	0.46745506	0.532545
1	0.43831614	0.56168383
1	0.48441318	0.51558685
1	0.4276643	0.57233566
1	0.4124288	0.5875712
1	0.44405302	0.55594695
0	0.52988327	0.47011673
1	0.4063271	0.59367293
1	0.42458087	0.57541907
1	0.36923987	0.63076013
1	0.49447516	0.5055249
1	0.45365784	0.54634213
1	0.4659348	0.5340652
1	0.42308444	0.57691556
0	0.5075412	0.49245882
0	0.5117361	0.4882639
1	0.46767715	0.5323228
1	0.45714122	0.5428588
1	0.43063188	0.5693681
1	0.45661375	0.5433863
1	0.39469132	0.6053087
1	0.45186278	0.54813725
1	0.45184797	0.548152
1	0.41155484	0.5884451
1	0.3909515	0.60904855
0	0.53558826	0.4644118
1	0.40281972	0.59718025
1	0.32454988	0.6754501
1	0.43975532	0.56024474
1	0.49541524	0.5045847
0	0.65252197	0.347478
1	0.45976755	0.5402325
1	0.4398701	0.5601299
1	0.41366553	0.58633447
1	0.49833176	0.5016682
1	0.4443678	0.5556322
1	0.4372662	0.5627338
1	0.3866091	0.61339086
1	0.43690917	0.56309086
0	0.5355922	0.46440777
0	0.65252197	0.347478
1	0.43456915	0.5654309
1	0.44444093	0.55555904
1	0.42575744	0.5742426
1	0.37327844	0.62672156
1	0.41220826	0.5877917
1	0.4725326	0.5274674
1	0.38875306	0.611247
1	0.3879571	0.61204284
1	0.46367872	0.5363213
1	0.45510617	0.54489386
1	0.40945145	0.5905485
1	0.40444782	0.5955522
1	0.38191602	0.61808395
1	0.48604512	0.5139549
1	0.43839476	0.5616053
0	0.531957	0.468043
1	0.45434076	0.54565924
1	0.47979712	0.5202029
1	0.46315798	0.53684205
1	0.49916965	0.50083035
1	0.36568522	0.63431484
1	0.41688386	0.5831161
1	0.38501367	0.61498636
1	0.42093366	0.57906634
1	0.42285138	0.5771486
1	0.38737282	0.61262715
1	0.42710152	0.57289845
1	0.4252225	0.57477754
1	0.45002192	0.5499781
1	0.40343362	0.59656644
1	0.38955727	0.61044276
1	0.4321434	0.5678566
1	0.4317507	0.5682493
1	0.4332087	0.56679124
1	0.35610786	0.64389217
1	0.4638543	0.5361457
1	0.41619897	0.58380103
1	0.4635145	0.53648555
1	0.441424	0.558576
1	0.47249588	0.52750415
1	0.485656	0.514344
1	0.41932842	0.58067155
1	0.47680175	0.52319825
1	0.44660884	0.5533912
0	0.50442123	0.49557874
1	0.4632442	0.53675586
1	0.44708332	0.5529167
1	0.48934472	0.5106553
1	0.47587994	0.5241201
1	0.4344063	0.5655937
1	0.43858075	0.5614192
1	0.46811014	0.53188986
0	0.65252197	0.347478
1	0.40991515	0.5900848
1	0.43230397	0.56769603
1	0.4573886	0.54261136
1	0.41491994	0.58508
1	0.49996522	0.50003475
0	0.5136591	0.4863409
1	0.42074397	0.57925606
1	0.49771598	0.502284
1	0.4294107	0.5705893
0	0.5294687	0.47053128
0	0.5030536	0.49694636
1	0.4725978	0.52740216
0	0.5104541	0.48954588
1	0.43312895	0.56687105
1	0.4161435	0.58385646
1	0.44645584	0.5535441
1	0.42643243	0.57356757
1	0.46568495	0.5343151
1	0.47302994	0.5269701
1	0.42966598	0.5703341
1	0.48535356	0.5146465
1	0.4431826	0.5568174
1	0.4472156	0.55278444
1	0.46112376	0.53887624
1	0.4189982	0.5810018
1	0.4511836	0.5488164
1	0.4905181	0.5094819
1	0.49657634	0.5034237
1	0.4035218	0.59647816
1	0.45031047	0.5496895
1	0.4245373	0.5754627
1	0.38911986	0.61088014
1	0.41602948	0.5839705
1	0.47195593	0.52804404
1	0.47049433	0.52950567
1	0.45666862	0.5433314
1	0.45089784	0.5491022
1	0.4631674	0.53683263
1	0.3771426	0.6228574
0	0.65252197	0.347478
1	0.38586023	0.6141398
1	0.4193924	0.5806076
0	0.5324871	0.46751288
1	0.4326698	0.5673302
1	0.39278212	0.60721785
1	0.36655143	0.63344854
1	0.4308795	0.5691205
1	0.438402	0.56159806
1	0.42800146	0.57199854
0	0.53420836	0.46579158
1	0.43331206	0.56668794
1	0.33288658	0.6671134
1	0.38190764	0.61809236
1	0.38472494	0.6152751
1	0.4767856	0.52321434
1	0.44197413	0.5580259
1	0.4035727	0.5964273
0	0.65252197	0.347478
1	0.44911394	0.5508861
1	0.47344223	0.52655774
1	0.42508093	0.5749191
1	0.42685997	0.57314
1	0.3806969	0.6193031
1	0.3865391	0.6134609
1	0.4831537	0.5168463
1	0.4825647	0.5174354
1	0.4234666	0.5765334
1	0.38987163	0.6101284
1	0.44098818	0.5590119
1	0.42293313	0.5770669
0	0.65252197	0.347478
1	0.44290322	0.5570968
1	0.40229854	0.5977015
0	0.65252197	0.347478
0	0.5000734	0.49992666
1	0.40320122	0.5967988
0	0.50861835	0.49138165
1	0.44247407	0.55752593
1	0.4626046	0.53739536
1	0.40541866	0.59458137
1	0.45115867	0.5488413
1	0.44214526	0.5578548
1	0.41186458	0.5881354
1	0.46161088	0.53838915
1	0.40442127	0.5955787
1	0.3695432	0.6304568
1	0.4473527	0.5526473
1	0.4097333	0.5902667
1	0.44161835	0.5583817
1	0.352834	0.64716595
1	0.47812173	0.5218783
1	0.37668982	0.62331015
1	0.35955417	0.6404458
1	0.45516226	0.5448378
1	0.44155157	0.55844843
0	0.65252197	0.347478
1	0.46267134	0.5373286
1	0.4261222	0.5738778
1	0.35988986	0.6401102
1	0.39979318	0.6002068
1	0.42113557	0.5788644
1	0.4532566	0.5467434
1	0.42277232	0.57722765
1	0.44616076	0.55383927
1	0.4460466	0.55395347
1	0.45013756	0.54986244
1	0.42565107	0.574349
1	0.4665952	0.53340477
1	0.44552472	0.5544753
1	0.43497735	0.56502265
1	0.39598396	0.604016
1	0.49774393	0.5022561
1	0.40618896	0.59381104
1	0.40105549	0.59894454
1	0.47096726	0.5290327
1	0.34735826	0.6526418
1	0.4932359	0.5067641
1	0.43349218	0.5665078
1	0.3939005	0.6060994
1	0.42345864	0.57654136
1	0.40268725	0.59731275
1	0.38548172	0.6145183
1	0.42996386	0.5700362
1	0.40996686	0.5900331
1	0.49232304	0.507677
0	0.5670756	0.43292442
0	0.65252197	0.347478
1	0.4419284	0.5580716
1	0.43655542	0.56344455
1	0.4265138	0.5734862
1	0.38575754	0.61424243
1	0.4208882	0.5791118
1	0.3932595	0.60674053
1	0.4189435	0.5810565
1	0.46708623	0.5329138
1	0.49773645	0.50226355
1	0.47757077	0.5224293
1	0.4879174	0.5120826
1	0.35651198	0.64348805
1	0.49953318	0.5004668
1	0.45072022	0.5492798
1	0.42399076	0.5760092
1	0.3853224	0.6146776
1	0.4501327	0.54986733
1	0.43480825	0.5651917
1	0.41694748	0.5830526
1	0.47085786	0.52914214
1	0.47181714	0.5281828
1	0.39096066	0.6090393
0	0.513085	0.48691502
1	0.4882191	0.51178086
1	0.3961419	0.6038582
1	0.45229957	0.54770046
1	0.45742297	0.54257697
1	0.47668368	0.5233163
1	0.44100642	0.5589935
1	0.38641998	0.61358
0	0.5071083	0.49289176
0	0.65252197	0.347478
1	0.45583868	0.5441613
1	0.44520885	0.55479115
0	0.65252197	0.347478
1	0.42785364	0.5721464
1	0.36567745	0.6343225
1	0.4698335	0.5301665
1	0.4624285	0.53757143
1	0.49728146	0.50271857
1	0.4669444	0.53305554
0	0.50367475	0.49632522
1	0.49032816	0.5096718
0	0.52791184	0.4720882
1	0.41463178	0.58536816
1	0.48812374	0.5118762
0	0.5076001	0.4923999
1	0.46348536	0.53651464
1	0.43996716	0.56003284
1	0.3772308	0.62276924
0	0.65252197	0.347478
1	0.44923177	0.55076826
0	0.65252197	0.347478
1	0.427801	0.572199
1	0.46225503	0.53774494
1	0.38493928	0.61506075
1	0.49601683	0.50398314
1	0.44256195	0.557438
1	0.42185643	0.57814354
1	0.47208005	0.52791995
1	0.478598	0.52140206
1	0.48295882	0.51704115
1	0.41705298	0.582947
1	0.38681465	0.61318535
1	0.48682377	0.5131762
1	0.36744905	0.6325509
0	0.53212553	0.46787447
1	0.4868521	0.5131479
0	0.5338183	0.4661817
1	0.42925364	0.5707463
1	0.38913193	0.6108681
1	0.41022962	0.5897704
1	0.4881015	0.5118985
0	0.65252197	0.347478
1	0.4571907	0.54280925
1	0.44219595	0.55780405
1	0.42142335	0.5785766
0	0.65252197	0.347478
1	0.43862343	0.56137663
1	0.41529018	0.5847098
1	0.49099517	0.50900483
1	0.41347548	0.58652455
1	0.4187648	0.5812352
1	0.3844591	0.6155409
1	0.4255485	0.57445157
1	0.46694356	0.53305644
1	0.44552818	0.5544718
1	0.37867433	0.62132573
1	0.43162674	0.5683732
1	0.37720993	0.6227901
1	0.4923808	0.5076192
1	0.4241186	0.5758814
1	0.37632424	0.6236758
1	0.41482747	0.5851725
1	0.44273815	0.5572618
1	0.46085143	0.53914857
0	0.54065055	0.45934948
1	0.44768384	0.5523162
1	0.45281813	0.5471819
1	0.36670265	0.6332974
0	0.51535004	0.48464996
1	0.41106611	0.5889339
1	0.4953965	0.5046035
1	0.45575836	0.5442416
1	0.42562607	0.5743739
1	0.46584225	0.53415775
1	0.38058674	0.61941326
1	0.4951521	0.50484794
1	0.42057025	0.57942975
1	0.44353867	0.55646133
1	0.45419157	0.5458085
1	0.4133064	0.5866936
1	0.42974862	0.57025135
1	0.4840884	0.5159116
1	0.4155452	0.5844548
1	0.4522328	0.54776716
1	0.48495016	0.5150498
1	0.3707852	0.6292148
1	0.48463765	0.5153623
0	0.5517917	0.44820824
1	0.4886674	0.5113326
1	0.4089953	0.5910047
1	0.31084386	0.6891561
1	0.37078172	0.6292183
1	0.3859581	0.61404186
1	0.49165627	0.50834376
1	0.4543313	0.54566866
1	0.4762149	0.5237851
1	0.38269642	0.6173036
1	0.46588838	0.53411156
1	0.31339264	0.68660736
1	0.41553664	0.5844634
1	0.4784331	0.52156687
1	0.47776064	0.5222394
1	0.41838065	0.5816193
1	0.45713454	0.54286546
0	0.505015	0.49498504
1	0.46504822	0.53495175
1	0.38788196	0.612118
0	0.65252197	0.347478
1	0.36286646	0.63713354
1	0.3684976	0.6315024
1	0.39713725	0.6028627
1	0.38805372	0.6119463
1	0.45471457	0.54528546
1	0.44121763	0.5587824
1	0.40723467	0.5927654
1	0.3820997	0.61790025
1	0.45070425	0.5492958
1	0.43892	0.56108
1	0.46616024	0.5338397
1	0.45285055	0.5471494
1	0.43129885	0.56870115
1	0.46278104	0.5372189
1	0.43840146	0.5615986
1	0.46995497	0.53004503
0	0.51809883	0.48190117
1	0.3853786	0.61462146
1	0.4643871	0.5356129
1	0.4273681	0.5726319
1	0.4618528	0.5381472
1	0.4601725	0.53982747
1	0.35127935	0.6487206
1	0.3896858	0.61031413
1	0.4134631	0.5865369
1	0.4735466	0.52645344
1	0.3646142	0.6353858
1	0.44612166	0.5538783
1	0.3892694	0.6107306
1	0.42529094	0.574709
1	0.404291	0.595709
1	0.42207202	0.577928
1	0.49981874	0.50018126
1	0.28016934	0.71983063
1	0.40234658	0.5976534
1	0.4222473	0.5777527
1	0.42233682	0.57766324
1	0.41907433	0.5809257
1	0.42404687	0.5759531
1	0.41697568	0.5830243
1	0.4309459	0.56905407
1	0.48286	0.51714003
1	0.4253048	0.57469517
1	0.3940808	0.6059192
1	0.4880672	0.5119328
1	0.46438563	0.5356144
1	0.45520437	0.54479563
1	0.4503917	0.5496083
1	0.43544304	0.56455696
0	0.5235024	0.47649762
1	0.43207887	0.56792116
1	0.42938617	0.5706138
1	0.47085786	0.52914214
0	0.50683063	0.49316934
1	0.45055732	0.5494427
1	0.4458539	0.5541461
1	0.4747603	0.5252397
1	0.4172811	0.5827189
1	0.46676126	0.53323877
1	0.4600799	0.5399201
1	0.48051846	0.51948154
1	0.37777233	0.62222767
0	0.51306087	0.48693913
1	0.3915833	0.6084167
1	0.44444373	0.5555563
1	0.4826107	0.5173893
1	0.42043796	0.57956207
1	0.49107814	0.50892186
1	0.38790873	0.61209124
1	0.39000455	0.6099954
1	0.43942136	0.5605786
1	0.349605	0.650395
1	0.4331307	0.5668693
1	0.40965867	0.59034127
1	0.41602668	0.5839733
1	0.49511123	0.5048888
1	0.41639656	0.5836035
1	0.38083974	0.61916023
1	0.4873593	0.51264066
1	0.46491665	0.53508335
1	0.3891583	0.6108417
1	0.37786174	0.6221383
1	0.40859267	0.59140736
1	0.4274038	0.57259625
1	0.4604111	0.53958887
1	0.35011715	0.6498828
1	0.429632	0.57036805
1	0.42709187	0.57290816
1	0.37890857	0.62109137
1	0.4307386	0.5692614
1	0.40602833	0.5939716
1	0.37942994	0.62057006
1	0.43227404	0.567726
1	0.39617744	0.6038225
1	0.4608323	0.5391677
0	0.65252197	0.347478
1	0.41079003	0.58921
1	0.42291003	0.5770899
1	0.43134072	0.56865925
1	0.37735984	0.62264013
1	0.40138817	0.5986118
0	0.51989883	0.48010117
1	0.41574326	0.58425677
1	0.40209833	0.59790164
0	0.65252197	0.347478
1	0.46329874	0.5367013
1	0.44939494	0.55060506
1	0.40879273	0.59120727
1	0.4951719	0.5048281
1	0.41194215	0.5880578
1	0.43672654	0.5632735
0	0.5338183	0.4661817
0	0.65252197	0.347478
1	0.44640827	0.55359167
1	0.39724243	0.6027576
1	0.40102613	0.5989738
1	0.44465983	0.5553402
1	0.43775374	0.5622462
1	0.4274683	0.57253164
1	0.38657367	0.6134264
1	0.37781915	0.6221808
1	0.44338822	0.5566118
1	0.43522394	0.56477606
1	0.44321024	0.55678976
1	0.41346353	0.58653647
1	0.4787118	0.52128816
1	0.4459265	0.5540735
1	0.38705042	0.61294955
1	0.4315389	0.56846106
1	0.40945277	0.59054726
1	0.46265563	0.53734434
1	0.46963236	0.5303676
1	0.40730253	0.5926975
1	0.38847572	0.6115243
0	0.65252197	0.347478
1	0.39960054	0.6003995
1	0.4163967	0.58360326
1	0.38166943	0.6183306
1	0.38899073	0.6110093
1	0.37702724	0.6229727
1	0.4779003	0.52209973
1	0.45276883	0.5472312
1	0.41125712	0.5887429
1	0.44523603	0.554764
1	0.36481756	0.63518244
1	0.43306154	0.5669385
1	0.49031976	0.5096803
1	0.40949187	0.5905081
1	0.486778	0.513222
0	0.54280996	0.45719
1	0.43379843	0.56620157
1	0.39893973	0.60106033
0	0.516843	0.48315695
1	0.42921674	0.57078326
1	0.43117836	0.5688216
1	0.43620142	0.5637986
1	0.42788112	0.5721189
1	0.4126828	0.58731717
1	0.3915734	0.6084266
1	0.38166708	0.6183329
1	0.49067923	0.5093208
1	0.39539954	0.6046005
1	0.49512327	0.50487673
1	0.44704476	0.55295527
1	0.44163877	0.55836123
1	0.43732706	0.5626729
0	0.53836447	0.46163556
1	0.4819927	0.51800734
1	0.41524443	0.58475554
0	0.52873755	0.47126248
1	0.43870172	0.56129825
1	0.48811772	0.5118823
1	0.42685726	0.57314277
1	0.40532488	0.59467506
1	0.49360153	0.50639844
1	0.29719087	0.70280915
1	0.4522326	0.54776734
1	0.46974823	0.5302518
1	0.38621193	0.61378807
1	0.48367414	0.5163259
1	0.3328614	0.66713864
1	0.3888521	0.61114794
1	0.4930637	0.5069363
1	0.49158537	0.5084146
1	0.48794195	0.512058
1	0.44419703	0.55580294
1	0.42757702	0.572423
1	0.48552728	0.5144728
1	0.47004348	0.52995646
1	0.3348687	0.6651313
1	0.4850303	0.5149697
1	0.2661527	0.7338473
1	0.3624371	0.63756293
1	0.44285408	0.55714595
1	0.4349169	0.5650831
1	0.4215703	0.57842976
1	0.40787163	0.5921284
1	0.46431917	0.5356809
1	0.44488004	0.55511993
1	0.41274613	0.58725387
1	0.4772207	0.52277935
1	0.4890612	0.5109388
0	0.5257824	0.47421756
1	0.4442459	0.5557541
1	0.47403854	0.52596146
1	0.4232435	0.57675654
1	0.44647998	0.55352
1	0.36432868	0.63567126
0	0.5087781	0.49122187
1	0.47085267	0.5291474
1	0.40482742	0.5951726
1	0.43160272	0.5683973
1	0.4270709	0.5729291
1	0.41500038	0.5849996
1	0.43280014	0.5671999
1	0.4463291	0.5536709
1	0.37544167	0.6245583
1	0.45381513	0.54618484
1	0.41666797	0.583332
1	0.42145562	0.5785444
1	0.4883042	0.5116958
1	0.382414	0.617586
1	0.47382498	0.526175
1	0.42512193	0.57487804
1	0.412071	0.587929
1	0.43499026	0.5650097
0	0.5162921	0.4837079
1	0.43960363	0.5603964
1	0.4772321	0.5227679
0	0.65252197	0.347478
0	0.5033058	0.4966942
1	0.3989488	0.6010513
1	0.35609028	0.64390975
1	0.42762455	0.5723755
1	0.43110105	0.5688989
1	0.38427663	0.6157234
1	0.43316022	0.56683975
1	0.32825828	0.6717417
1	0.45323315	0.5467668
1	0.43245152	0.56754845
1	0.42536205	0.57463795
1	0.4212503	0.57874966
1	0.39209467	0.6079053
1	0.43614325	0.5638567
0	0.5135727	0.48642734
1	0.48667586	0.51332414
1	0.41292304	0.58707696
0	0.50203896	0.49796107
1	0.42197484	0.57802516
1	0.40324816	0.5967518
1	0.4629605	0.5370395
1	0.4374235	0.5625765
1	0.40071794	0.5992821
1	0.41196063	0.5880394
1	0.42750183	0.57249814
1	0.36977708	0.6302229
1	0.43439096	0.56560904
1	0.48278224	0.51721776
1	0.44869852	0.5513015
1	0.39397433	0.60602564
1	0.3842162	0.6157838
1	0.46954829	0.5304517
1	0.45523405	0.54476595
0	0.51292974	0.48707023
1	0.41201478	0.58798516
1	0.43151835	0.5684816
1	0.41243595	0.5875641
1	0.38294217	0.61705786
1	0.39671746	0.6032826
1	0.47056445	0.5294356
1	0.41992563	0.58007437
1	0.3728369	0.6271631
1	0.4291688	0.57083124
0	0.65252197	0.347478
1	0.4383381	0.5616619
1	0.43736163	0.5626384
1	0.41520384	0.5847962
1	0.4277158	0.57228416
1	0.48658141	0.5134186
1	0.4831142	0.5168858
1	0.4444588	0.55554116
1	0.43287355	0.56712645
1	0.47464857	0.52535146
0	0.50251245	0.4974876
1	0.3751683	0.6248317
1	0.4485304	0.55146956
1	0.41845793	0.5815421
1	0.4189792	0.58102083
1	0.45979914	0.5402009
1	0.46073228	0.5392677
1	0.4176428	0.58235717
1	0.41948876	0.5805112
1	0.45027605	0.5497239
1	0.39753038	0.60246956
1	0.41768533	0.5823147
1	0.37847832	0.6215217
1	0.37932682	0.6206732
0	0.50160015	0.49839985
1	0.46959046	0.5304096
1	0.39026782	0.60973215
1	0.4361907	0.5638093
1	0.4354716	0.5645284
1	0.46318194	0.5368181
1	0.46908176	0.53091824
1	0.40400267	0.59599733
1	0.4947249	0.50527513
1	0.40137038	0.59862965
0	0.50907385	0.4909261
1	0.40863556	0.5913645
1	0.46279216	0.53720784
0	0.5785602	0.4214398
1	0.438379	0.561621
1	0.4244418	0.5755581
1	0.37269846	0.6273015
1	0.4239998	0.5760002
1	0.4543914	0.54560864
1	0.36334622	0.6366538
1	0.46952382	0.53047615
1	0.4758225	0.52417755
1	0.39922994	0.60077006
1	0.3883857	0.6116143
1	0.476238	0.523762
1	0.41069588	0.5893041
1	0.4873164	0.5126836
1	0.44003984	0.5599602
1	0.4370807	0.5629193
1	0.44423527	0.5557648
1	0.41057786	0.5894221
1	0.40122452	0.5987755
1	0.43280432	0.5671957
1	0.44071284	0.55928713
1	0.41553646	0.58446354
0	0.65252197	0.347478
1	0.4011542	0.5988458
1	0.4171697	0.5828303
1	0.44610268	0.5538973
1	0.46495792	0.5350421
1	0.4519391	0.5480609
1	0.43379343	0.56620663
1	0.38752523	0.61247474
1	0.46654162	0.5334584
1	0.46083796	0.53916204
1	0.42496577	0.5750342
1	0.44738892	0.55261105
1	0.4093777	0.59062225
1	0.46953422	0.5304658
0	0.52688926	0.47311077
0	0.50297874	0.49702126
1	0.38626468	0.6137353
1	0.41366243	0.58633757
0	0.5764111	0.42358887
1	0.3704589	0.62954116
1	0.48356724	0.5164328
1	0.49552175	0.5044782
1	0.40679044	0.5932096
1	0.43737018	0.5626298
1	0.48462996	0.51537
1	0.40051177	0.5994882
1	0.47085786	0.52914214
1	0.433575	0.56642497
1	0.4545256	0.5454744
1	0.41636416	0.58363587
1	0.39848524	0.60151476
1	0.42759836	0.57240164
1	0.45206967	0.54793036
1	0.4587482	0.54125184
1	0.41413122	0.5858688
1	0.4191453	0.5808548
1	0.40598807	0.59401196
1	0.43396726	0.56603277
1	0.42306513	0.5769349
0	0.51286703	0.48713294
1	0.4335885	0.56641144
1	0.43921036	0.56078964
1	0.36224192	0.6377581
1	0.4536969	0.54630315
1	0.47141957	0.5285804
0	0.65252197	0.347478
1	0.49356756	0.5064325
1	0.44070864	0.5592913
0	0.5422826	0.4577174
1	0.3690353	0.6309647
1	0.39293972	0.6070603
1	0.39713785	0.6028622
1	0.44300494	0.5569951
1	0.45625788	0.5437421
1	0.49077645	0.5092235
1	0.40379152	0.59620845
1	0.41600627	0.58399373
1	0.41176674	0.58823323
1	0.43266746	0.5673325
1	0.40189365	0.5981064
0	0.5268936	0.47310635
1	0.4290846	0.5709154
1	0.37987855	0.6201215
1	0.42047024	0.5795297
1	0.39980122	0.6001988
1	0.42019954	0.5798005
1	0.45278972	0.5472103
1	0.4168185	0.58318144
1	0.43262616	0.5673738
0	0.65252197	0.347478
1	0.49866006	0.50134
1	0.39097792	0.6090221
1	0.45826903	0.54173094
1	0.47086415	0.5291358
1	0.40870953	0.5912905
1	0.39896306	0.60103697
1	0.48450115	0.5154988
1	0.47564268	0.5243573
1	0.4195066	0.5804934
1	0.4371758	0.56282425
1	0.47529894	0.52470106
1	0.43293986	0.5670601
0	0.51042503	0.48957494
0	0.52051324	0.47948673
0	0.56261796	0.437382
1	0.37831295	0.621687
1	0.48147908	0.5185209
1	0.42033827	0.5796617
1	0.39345968	0.6065403
1	0.41657138	0.5834286
1	0.495588	0.504412
1	0.41819218	0.5818078
0	0.65252197	0.347478
1	0.4820324	0.51796764
1	0.4220461	0.57795393
1	0.47085786	0.52914214
1	0.41766518	0.5823348
0	0.58380777	0.41619223
1	0.40618533	0.5938146
1	0.469474	0.53052604
1	0.45030046	0.54969954
1	0.48109153	0.5189085
1	0.41063634	0.58936363
1	0.4476138	0.5523862
1	0.43975103	0.560249
0	0.5340385	0.46596155
1	0.49760646	0.5023935
1	0.46639368	0.53360635
1	0.4167243	0.5832757
1	0.4266983	0.57330173
0	0.5029378	0.49706218
1	0.39208245	0.60791755
0	0.5139497	0.4860503
1	0.44147515	0.55852485
1	0.41528195	0.58471805
1	0.37593532	0.62406474
1	0.44767123	0.55232877
1	0.4022426	0.5977574
0	0.5237549	0.47624514
1	0.41370675	0.5862933
1	0.48918864	0.5108114
1	0.48501435	0.5149856
1	0.41637743	0.5836226
1	0.4741167	0.5258833
1	0.4685054	0.5314946
1	0.4461088	0.5538912
1	0.37117404	0.628826
1	0.42153877	0.5784612
1	0.37741253	0.6225875
1	0.41323784	0.5867622
1	0.4052648	0.5947352
0	0.50040704	0.49959296
0	0.5025055	0.49749455
1	0.41064718	0.5893528
1	0.41982156	0.5801784
1	0.44073677	0.5592632
1	0.35867774	0.64132226
1	0.41706288	0.5829372
1	0.3758778	0.6241222
1	0.43977597	0.560224
1	0.44773665	0.5522633
1	0.46183157	0.53816843
1	0.41071633	0.58928365
1	0.48560873	0.5143913
1	0.44434988	0.5556501
1	0.4642868	0.53571314
1	0.39820173	0.60179824
1	0.46972215	0.53027785
0	0.50945115	0.4905489
1	0.4080116	0.59198844
1	0.40157425	0.59842575
1	0.49648377	0.5035162
1	0.4389831	0.56101686
1	0.47085786	0.52914214
1	0.4662771	0.53372294
1	0.36803213	0.63196784
1	0.48501927	0.51498073
1	0.46177098	0.538229
1	0.42920983	0.5707901
1	0.41975757	0.58024246
1	0.45497105	0.5450289
1	0.44164163	0.55835843
1	0.47758722	0.5224128
0	0.65252197	0.347478
1	0.42673516	0.5732649
1	0.47790328	0.52209675
1	0.40593544	0.5940646
1	0.38559458	0.6144054
1	0.4749707	0.5250293
1	0.47826144	0.5217385
1	0.44397786	0.5560221
1	0.31324035	0.68675965
1	0.47330463	0.5266953
1	0.37914768	0.62085235
1	0.43114772	0.5688523
1	0.43417206	0.56582797
1	0.47195974	0.52804023
1	0.42929566	0.57070434
1	0.44555303	0.554447
1	0.48750085	0.5124991
1	0.40058428	0.5994157
0	0.65252197	0.347478
1	0.45623794	0.5437621
1	0.46393424	0.53606576
1	0.44428083	0.55571914
1	0.40189198	0.59810805
1	0.47085786	0.52914214
0	0.65252197	0.347478
1	0.40010443	0.59989554
1	0.418547	0.58145297
1	0.42701975	0.5729803
1	0.47031167	0.5296883
1	0.3736315	0.62636846
1	0.44413427	0.55586576
1	0.4683667	0.53163326
1	0.46272126	0.5372787
1	0.4352326	0.56476736
0	0.50351715	0.49648288
1	0.48848084	0.5115192
1	0.39533585	0.60466415
1	0.46127385	0.53872615
1	0.45935592	0.5406441
1	0.49908826	0.5009117
1	0.4492229	0.55077714
1	0.44976634	0.55023366
0	0.65252197	0.347478
1	0.46350262	0.5364974
1	0.4825387	0.51746124
1	0.39850557	0.6014945
1	0.38896582	0.61103415
1	0.4651005	0.5348995
1	0.4382909	0.5617091
1	0.42090908	0.5790909
1	0.43394446	0.56605554
1	0.41728956	0.58271044
1	0.3717215	0.62827855
1	0.445119	0.55488104
1	0.43486542	0.5651346
1	0.45301282	0.54698724
1	0.40988076	0.59011924
1	0.39448348	0.60551655
1	0.38781685	0.6121831
1	0.38446486	0.61553514
1	0.4471992	0.5528008
1	0.39234778	0.60765225
1	0.3453056	0.6546944
1	0.4599886	0.54001147
1	0.41854644	0.58145356
1	0.41954237	0.5804576
1	0.42259026	0.57740974
1	0.4603267	0.5396733
1	0.40318355	0.5968164
0	0.5159634	0.4840366
1	0.36253837	0.6374616
1	0.44405168	0.5559484
1	0.45236176	0.5476383
1	0.4378507	0.5621492
1	0.44483948	0.5551605
0	0.65252197	0.347478
1	0.42348877	0.5765112
1	0.4108706	0.58912945
1	0.4735968	0.52640325
1	0.4609156	0.53908443
1	0.41269493	0.587305
1	0.47394264	0.5260573
0	0.5170838	0.48291618
1	0.39696684	0.6030331
1	0.4379989	0.5620011
1	0.47990194	0.52009803
0	0.65252197	0.347478
1	0.49581438	0.5041856
1	0.44735742	0.5526426
1	0.4663536	0.5336464
1	0.40957332	0.5904267
1	0.49093685	0.5090632
1	0.434541	0.565459
0	0.52904385	0.47095615
1	0.4526757	0.5473243
1	0.39094976	0.6090503
1	0.4158501	0.58414996
1	0.47455126	0.5254488
1	0.44314846	0.55685157
1	0.44676477	0.55323523
1	0.46892336	0.53107667
1	0.48733836	0.5126617
0	0.65252197	0.347478
1	0.4094546	0.5905454
1	0.383489	0.6165109
1	0.43524945	0.56475055
1	0.4497163	0.55028373
1	0.49600446	0.5039955
1	0.359933	0.640067
1	0.42103142	0.5789685
1	0.47049206	0.52950794
1	0.40023035	0.5997696
0	0.5494473	0.4505527
1	0.41777518	0.58222485
1	0.47007522	0.5299248
1	0.4396365	0.56036353
1	0.4188724	0.58112764
1	0.45474622	0.5452538
1	0.4005044	0.5994956
0	0.65252197	0.347478
1	0.4745904	0.52540964
1	0.4206941	0.5793059
1	0.48040295	0.51959705
1	0.4797602	0.5202398
1	0.4679555	0.53204453
1	0.45910648	0.54089355
1	0.47295526	0.5270448
1	0.41957733	0.5804227
1	0.4810082	0.51899177
1	0.41731894	0.582681
1	0.3717104	0.6282896
0	0.5211706	0.4788294
1	0.42423055	0.5757694
0	0.5054718	0.49452817
1	0.39448133	0.6055187
1	0.45010573	0.54989433
1	0.40830112	0.5916989
1	0.49335036	0.5066496
1	0.48090822	0.51909184
1	0.47824755	0.5217524
1	0.43308085	0.5669192
1	0.38833982	0.61166024
1	0.41838372	0.5816163
1	0.46696156	0.53303844
1	0.4316332	0.5683668
1	0.46263692	0.53736305
1	0.47773084	0.5222692
1	0.47033855	0.5296614
1	0.42866135	0.57133865
1	0.39700803	0.60299194
1	0.47821853	0.52178144
1	0.4798862	0.52011377
1	0.45456752	0.5454325
1	0.46291924	0.5370808
1	0.37822318	0.62177676
1	0.4724257	0.52757424
0	0.65252197	0.347478
1	0.45775682	0.5422432
1	0.383855	0.61614496
1	0.40514642	0.59485364
1	0.4341555	0.56584454
0	0.5145791	0.48542088
1	0.4347077	0.5652923
0	0.55663115	0.4433689
1	0.462265	0.537735
1	0.42868787	0.5713121
0	0.65252197	0.347478
1	0.42169118	0.5783088
1	0.48192948	0.5180705
1	0.44149658	0.55850345
1	0.42065808	0.57934195
1	0.46902636	0.5309737
0	0.65252197	0.347478
0	0.65252197	0.347478
1	0.46905988	0.53094006
1	0.43170637	0.56829363
0	0.65252197	0.347478
1	0.41758543	0.58241457
1	0.40805423	0.59194577
1	0.4944352	0.5055648
1	0.432263	0.56773704
1	0.44547153	0.55452853
1	0.49397925	0.5060207
1	0.37347573	0.62652427
1	0.46354637	0.5364536
1	0.45226392	0.5477361
1	0.453864	0.546136
1	0.45291382	0.5470862
1	0.42762446	0.57237554
0	0.5164085	0.48359153
0	0.65252197	0.347478
0	0.65252197	0.347478
1	0.46465018	0.5353498
1	0.3508778	0.64912224
1	0.39834854	0.6016515
1	0.43751392	0.56248605
1	0.4160151	0.5839849
1	0.44487122	0.55512875
1	0.47882617	0.52117383
1	0.4165758	0.5834242
1	0.42347577	0.5765242
1	0.39715266	0.60284734
1	0.4731198	0.5268802
1	0.42036018	0.57963985
1	0.43055022	0.5694498
1	0.4353911	0.56460893
1	0.4284653	0.5715347
1	0.41065344	0.5893465
1	0.40750858	0.59249145
1	0.35713145	0.6428686
1	0.38893253	0.6110675
1	0.44341692	0.5565831
1	0.4446917	0.5553083
1	0.40412503	0.5958749
1	0.44598374	0.55401623
1	0.43582904	0.56417096
1	0.41986376	0.58013624
1	0.48270872	0.5172913
1	0.37047148	0.6295286
1	0.40354738	0.5964526
1	0.33793047	0.66206956
1	0.45912084	0.54087913
1	0.42356506	0.5764349
1	0.37074095	0.62925905
1	0.45498025	0.54501975
1	0.3636051	0.63639486
1	0.34264416	0.65735584
1	0.48976696	0.51023304
1	0.39436015	0.6056398
1	0.388084	0.611916
1	0.40088063	0.59911937
1	0.4261054	0.57389456
1	0.3849461	0.6150539
1	0.3513074	0.64869255
1	0.4203949	0.5796051
1	0.4669778	0.53302217
1	0.399855	0.60014504
1	0.47499242	0.5250076
1	0.37544814	0.62455183
1	0.47025514	0.52974486
1	0.47085786	0.52914214
1	0.40564367	0.5943563
1	0.45250574	0.5474943
1	0.47271368	0.5272863
1	0.40044743	0.5995525
1	0.47669637	0.5233036
1	0.47203654	0.52796346
1	0.42665526	0.57334477
1	0.4654328	0.5345672
1	0.37564436	0.6243557
1	0.46007305	0.539927
1	0.43654737	0.56345266
1	0.41155678	0.5884432
0	0.5290227	0.47097728
1	0.44674468	0.5532553
1	0.44834375	0.5516563
1	0.39823154	0.6017685
1	0.4229478	0.57705224
1	0.47384068	0.52615935
1	0.43467563	0.5653243
1	0.46145365	0.5385463
1	0.44094908	0.5590509
1	0.37333888	0.6266611
1	0.3864971	0.6135029
0	0.65252197	0.347478
1	0.39988926	0.6001107
1	0.43965286	0.5603472
1	0.4433618	0.55663824
0	0.65252197	0.347478
1	0.39654952	0.60345054
1	0.4270282	0.57297176
1	0.44536546	0.5546346
1	0.40299737	0.5970026
1	0.47143868	0.5285613
1	0.46506208	0.5349379
1	0.41024554	0.58975446
1	0.42694184	0.5730581
1	0.44044632	0.5595537
1	0.48821712	0.5117829
1	0.39810392	0.6018961
1	0.39222124	0.6077788
1	0.44682547	0.55317456
0	0.65252197	0.347478
1	0.4791437	0.52085626
1	0.44124392	0.5587561
1	0.39716333	0.60283667
1	0.48702776	0.51297224
1	0.31330916	0.6866908
1	0.41466266	0.5853374
1	0.41228053	0.58771944
1	0.37315196	0.62684804
1	0.47245646	0.52754354
1	0.47710404	0.522896
1	0.41583613	0.58416384
1	0.49351755	0.5064824
1	0.43942332	0.5605767
1	0.4297539	0.57024616
1	0.45183465	0.5481654
1	0.44597468	0.5540253
1	0.49363464	0.50636536
1	0.44951233	0.55048764
1	0.4940503	0.5059497
1	0.36057884	0.63942116
1	0.4430209	0.55697906
1	0.44220984	0.5577902
1	0.40577468	0.59422535
1	0.42321596	0.576784
1	0.39777613	0.6022239
1	0.37302995	0.62697005
1	0.40125576	0.5987442
1	0.45876557	0.54123443
1	0.3842079	0.6157921
1	0.4177668	0.5822332
1	0.42644793	0.573552
1	0.44218045	0.55781955
1	0.46923462	0.5307654
1	0.41833618	0.58166385
1	0.3973415	0.6026585
1	0.47645292	0.52354705
1	0.46692684	0.5330732
0	0.5074613	0.4925387
0	0.5391098	0.46089023
1	0.34970182	0.6502981
1	0.39012313	0.6098769
1	0.4467152	0.5532848
1	0.44285673	0.5571433
1	0.36396933	0.6360306
1	0.35877728	0.6412227
1	0.47152406	0.52847594
0	0.53283995	0.46716002
0	0.5027578	0.49724218
1	0.34694993	0.65305007
1	0.39563227	0.6043677
1	0.3899819	0.61001813
1	0.4398422	0.5601578
1	0.47085786	0.52914214
1	0.47325057	0.52674943
1	0.42839792	0.57160205
1	0.42151704	0.578483
1	0.44230732	0.55769265
1	0.43836853	0.5616315
1	0.44764382	0.5523562
1	0.46912843	0.5308715
1	0.48585394	0.5141461
0	0.5143892	0.4856108
1	0.39497167	0.60502833
1	0.45032415	0.5496759
1	0.46791208	0.5320879
1	0.40001312	0.5999869
1	0.43188748	0.5681125
1	0.46404308	0.5359569
0	0.500851	0.49914902
1	0.41126886	0.58873117
1	0.44339085	0.55660915
1	0.49122435	0.5087757
1	0.4411512	0.5588488
1	0.40384936	0.59615064
0	0.50661975	0.49338028
1	0.40190077	0.59809923
1	0.4441636	0.55583644
1	0.37253493	0.62746507
1	0.42636946	0.5736306
0	0.5173084	0.48269162
1	0.4219444	0.5780556
1	0.44570658	0.55429345
1	0.3790495	0.6209505
1	0.425294	0.574706
1	0.40086097	0.59913903
0	0.5258969	0.4741031
1	0.48007783	0.5199222
1	0.412868	0.587132
1	0.47085786	0.52914214
1	0.40664047	0.59335953
1	0.38012865	0.6198714
1	0.4137456	0.5862544
1	0.41792807	0.58207196
1	0.45131466	0.5486853
1	0.3829451	0.61705494
1	0.3517697	0.64823025
1	0.4687484	0.53125155
1	0.40651268	0.59348726
1	0.43237612	0.5676239
1	0.4289386	0.5710614
1	0.41828465	0.5817154
1	0.30820754	0.6917925
1	0.4376879	0.5623121
1	0.4566296	0.54337037
1	0.33553496	0.664465
1	0.46725354	0.5327465
1	0.49327302	0.506727
1	0.4593659	0.54063416
1	0.40263173	0.5973683
1	0.40587124	0.5941288
1	0.49153656	0.5084634
1	0.4883558	0.51164424
1	0.44821116	0.55178887
1	0.43113816	0.5688619
0	0.50825346	0.49174657
1	0.46139187	0.5386082
0	0.65252197	0.347478
1	0.43334422	0.5666558
1	0.4500104	0.54998964
1	0.438956	0.56104404
1	0.4366123	0.5633877
1	0.4342928	0.5657072
1	0.4659136	0.5340864
1	0.4202805	0.57971954
1	0.4659238	0.5340762
0	0.5064536	0.49354643
1	0.3925361	0.6074639
1	0.41592464	0.58407533
1	0.46664745	0.53335255
1	0.38151348	0.6184865
1	0.43766257	0.56233746
1	0.37974507	0.62025493
0	0.65252197	0.347478
1	0.33895293	0.66104704
1	0.43669045	0.5633096
1	0.46150416	0.53849584
1	0.4414918	0.55850816
1	0.4238752	0.5761247
1	0.42857686	0.5714231
1	0.41996133	0.5800386
1	0.44794795	0.552052
1	0.42853332	0.5714666
1	0.39470968	0.6052903
1	0.46734813	0.53265184
1	0.49418116	0.50581884
1	0.42673278	0.5732672
1	0.42726582	0.5727342
1	0.4268301	0.5731699
1	0.46180817	0.5381918
1	0.41983464	0.5801654
0	0.50636756	0.49363238
1	0.42493075	0.57506925
1	0.48871228	0.5112877
0	0.5201646	0.47983542
1	0.44810835	0.5518916
1	0.47213277	0.5278672
1	0.47390568	0.5260943
1	0.47948647	0.5205135
1	0.38133377	0.61866623
1	0.40202305	0.597977
1	0.4343179	0.5656822
1	0.40643066	0.59356934
1	0.41103715	0.5889628
1	0.4324072	0.5675928
1	0.3965303	0.6034697
1	0.44870418	0.55129576
1	0.37421724	0.6257828
1	0.43035483	0.56964517
1	0.4273214	0.5726786
1	0.40386897	0.596131
1	0.47099409	0.5290059
1	0.40975305	0.5902469
1	0.43596607	0.5640339
1	0.49986058	0.5001395
1	0.42609847	0.5739015
1	0.4238787	0.5761213
1	0.42545095	0.574549
1	0.4703661	0.52963394
1	0.4529803	0.54701966
1	0.49011818	0.5098818
1	0.4607218	0.5392782
1	0.4873869	0.51261306
1	0.4990984	0.50090164
1	0.36082447	0.63917553
1	0.46935293	0.5306471
1	0.40979233	0.59020764
1	0.4366518	0.56334823
1	0.35217726	0.6478228
1	0.3563044	0.6436956
1	0.4698883	0.53011173
1	0.3691247	0.6308753
1	0.406364	0.593636
1	0.4044894	0.5955106
1	0.4644324	0.53556764
0	0.5147623	0.48523778
1	0.48188195	0.5181181
1	0.3890827	0.61091727
1	0.38001668	0.6199833
1	0.42516956	0.5748304
0	0.5172715	0.48272842
1	0.4781812	0.52181876
1	0.46250945	0.5374906
1	0.4705751	0.5294249
1	0.36393854	0.6360615
1	0.40643916	0.5935609
1	0.4446067	0.5553933
0	0.65252197	0.347478
0	0.50295323	0.4970468
1	0.49501663	0.50498337
1	0.38447338	0.6155266
1	0.43480018	0.5651998
1	0.42582262	0.5741773
1	0.41052377	0.58947617
1	0.40684748	0.59315246
1	0.45105866	0.5489413
1	0.42528212	0.5747179
1	0.43431965	0.5656803
1	0.4601276	0.5398724
1	0.37446785	0.62553215
1	0.47022194	0.52977806
1	0.3557501	0.6442499
1	0.40130058	0.5986994
1	0.46390918	0.5360908
1	0.403035	0.59696496
1	0.39039436	0.60960567
1	0.417412	0.58258796
1	0.44550848	0.5544915
1	0.46190408	0.53809595
1	0.45683965	0.5431604
1	0.45770517	0.54229486
1	0.44936094	0.5506391
1	0.36372072	0.6362793
1	0.39655426	0.60344577
1	0.36862236	0.63137764
1	0.42893815	0.5710618
1	0.45066687	0.54933316
1	0.4689458	0.5310542
1	0.47139427	0.5286057
1	0.35320523	0.6467948
1	0.46729103	0.53270894
1	0.42167842	0.5783216
1	0.35185722	0.6481428
1	0.44773942	0.55226064
1	0.44208044	0.5579196
1	0.44165298	0.55834705
1	0.36998695	0.6300131
1	0.47410932	0.52589065
1	0.40654552	0.5934545
1	0.42571548	0.5742845
1	0.3591604	0.6408396
1	0.48716077	0.5128392
1	0.42092982	0.5790702
0	0.5206456	0.47935438
1	0.38472614	0.61527383
1	0.45401844	0.5459815
1	0.43933448	0.56066555
1	0.4501081	0.5498919
0	0.50341636	0.49658364
1	0.44748136	0.5525186
1	0.4880244	0.5119756
1	0.4963264	0.5036736
1	0.42399755	0.5760024
1	0.35907254	0.6409275
1	0.42094928	0.5790507
1	0.4232054	0.5767946
1	0.41040155	0.5895984
1	0.45922676	0.5407733
1	0.4299733	0.5700267
1	0.42367584	0.57632416
1	0.4458267	0.55417323
1	0.4294884	0.57051164
1	0.4453063	0.55469376
1	0.42278853	0.57721144
1	0.40965128	0.5903488
1	0.39006922	0.60993075
1	0.48075783	0.5192421
1	0.43423587	0.56576407
1	0.44951695	0.55048305
1	0.49488822	0.50511175
0	0.552752	0.447248
1	0.39336488	0.6066351
1	0.48183954	0.5181604
1	0.36380762	0.6361924
1	0.4609428	0.5390572
1	0.47803906	0.5219609
1	0.41897985	0.5810202
1	0.4118862	0.58811384
1	0.43258432	0.5674157
1	0.40483105	0.595169
1	0.4156364	0.5843636
1	0.41221395	0.5877861
0	0.65252197	0.347478
1	0.399202	0.6007981
1	0.43165046	0.5683495
1	0.41549632	0.58450365
1	0.42017415	0.5798259
0	0.50006086	0.49993917
1	0.40496793	0.5950321
0	0.5137807	0.4862193
1	0.47334164	0.52665836
1	0.41476795	0.5852321
1	0.39873794	0.60126203
1	0.44501513	0.55498487
1	0.4605483	0.53945166
1	0.45172378	0.5482762
1	0.41603675	0.5839632
0	0.53078085	0.46921912
1	0.42067915	0.57932085
1	0.469672	0.530328
0	0.65252197	0.347478
1	0.3971686	0.60283136
1	0.44647482	0.5535252
1	0.36352125	0.6364788
1	0.4708829	0.5291171
1	0.36626276	0.6337372
1	0.4194823	0.58051765
0	0.5466009	0.45339918
1	0.43372214	0.56627786
1	0.44559005	0.55441
1	0.420501	0.579499
1	0.43919525	0.5608048
1	0.44873708	0.55126286
1	0.4196064	0.5803936
1	0.43916553	0.5608344
1	0.36961824	0.63038176
1	0.42424747	0.57575256
1	0.4689652	0.53103477
1	0.4633604	0.53663963
1	0.4849136	0.51508635
0	0.65252197	0.347478
0	0.51654905	0.48345098
1	0.49019778	0.5098022
1	0.39408913	0.60591084
1	0.46189076	0.5381092
1	0.46409678	0.5359032
1	0.44447163	0.5555284
1	0.4526247	0.54737526
1	0.48292252	0.5170775
1	0.40620583	0.5937942
1	0.44387078	0.55612916
1	0.41663504	0.583365
1	0.4063808	0.5936192
1	0.48348406	0.5165159
1	0.4703578	0.52964216
1	0.3919449	0.6080551
1	0.46881667	0.5311833
1	0.40217263	0.5978274
1	0.45380938	0.54619056
1	0.48453125	0.5154688
1	0.44243222	0.5575678
1	0.413685	0.586315
0	0.5228419	0.47715816
1	0.47057796	0.529422
1	0.4494587	0.55054134
1	0.41384494	0.58615506
1	0.40573975	0.5942603
1	0.40368176	0.59631824
1	0.44146505	0.5585349
1	0.46648082	0.5335192
1	0.40987828	0.5901217
1	0.38388464	0.6161154
1	0.48893458	0.5110654
1	0.44117773	0.5588223
1	0.40067327	0.5993267
1	0.42558244	0.5744176
1	0.49308753	0.50691247
1	0.4620002	0.5379998
1	0.4162648	0.58373517
1	0.464559	0.53544104
1	0.41017205	0.58982795
1	0.4379071	0.5620929
0	0.65252197	0.347478
1	0.49956137	0.50043863
1	0.43537405	0.5646259
0	0.65252197	0.347478
1	0.44832227	0.55167776
1	0.47662133	0.5233787
1	0.45931068	0.54068935
0	0.5027385	0.49726152
1	0.4277645	0.57223547
1	0.4542179	0.545782
1	0.48974273	0.51025724
1	0.45652655	0.5434734
1	0.40738693	0.59261304
0	0.5026661	0.4973339
1	0.46586627	0.53413373
1	0.49198204	0.50801796
1	0.43199754	0.56800246
1	0.39330855	0.6066914
1	0.48528925	0.5147107
1	0.3797208	0.62027913
1	0.42591387	0.5740862
1	0.44747514	0.55252486
1	0.40990904	0.590091
0	0.50041944	0.49958053
1	0.42248917	0.57751083
1	0.37782058	0.6221794
1	0.4792566	0.5207434
1	0.44400784	0.5559922
0	0.5045996	0.49540043
1	0.44571307	0.5542869
1	0.4436393	0.5563607
1	0.47085786	0.52914214
1	0.43920767	0.56079227
1	0.37630856	0.62369144
0	0.51636434	0.48363563
1	0.44721463	0.5527854
1	0.42069376	0.57930624
1	0.46972516	0.5302748
1	0.39402923	0.6059708
0	0.65252197	0.347478
1	0.39638314	0.60361683
1	0.41309318	0.5869068
1	0.47085786	0.52914214
1	0.45552722	0.5444728
0	0.5310874	0.46891266
1	0.42875323	0.57124674
0	0.503468	0.49653202
1	0.49590853	0.50409144
1	0.43313533	0.5668646
1	0.4458255	0.5541745
1	0.44589886	0.5541011
0	0.5111362	0.48886383
1	0.48292673	0.5170733
1	0.4934269	0.5065731
1	0.41073626	0.58926374
1	0.37161207	0.6283879
1	0.47839248	0.5216075
1	0.41012526	0.5898748
1	0.45783705	0.54216295
1	0.47832024	0.52167976
0	0.5299448	0.47005522
1	0.48001963	0.5199804
1	0.41047958	0.58952045
1	0.4601827	0.53981733
1	0.40210402	0.59789604
1	0.41992262	0.58007735
1	0.4348066	0.56519336
0	0.5022585	0.49774152
1	0.3948364	0.6051636
1	0.42988896	0.57011104
1	0.38719067	0.61280936
1	0.3586474	0.64135253
1	0.47128996	0.52871007
1	0.44003633	0.55996364
1	0.36806047	0.63193953
1	0.35036656	0.6496334
1	0.4834048	0.51659524
1	0.3956405	0.6043595
0	0.65252197	0.347478
1	0.39342976	0.60657024
1	0.48239234	0.5176077
1	0.41271976	0.5872803
0	0.5255255	0.47447452
1	0.40892625	0.5910737
1	0.39414826	0.6058517
1	0.4140616	0.5859384
1	0.48459035	0.5154096
1	0.39443928	0.6055607
1	0.42063722	0.57936275
0	0.50155824	0.4984418
1	0.4195725	0.58042747
1	0.49160933	0.50839067
1	0.49071243	0.5092876
1	0.4470823	0.5529177
1	0.45490634	0.54509366
1	0.32958823	0.67041177
1	0.39791134	0.6020887
1	0.4468657	0.5531343
1	0.4068989	0.5931011
1	0.4335118	0.5664882
0	0.65252197	0.347478
1	0.42187047	0.5781296
1	0.485639	0.514361
0	0.50174576	0.4982542
1	0.42706552	0.57293445
1	0.4599055	0.54009455
1	0.38500506	0.6149949
1	0.40084755	0.5991525
1	0.4205515	0.57944846
1	0.3914997	0.60850036
1	0.4325266	0.5674734
1	0.48931557	0.5106844
1	0.41637447	0.58362556
1	0.45468345	0.5453166
1	0.39839396	0.601606
1	0.3942712	0.6057288
1	0.48710635	0.5128937
1	0.48037997	0.51962006
1	0.48015857	0.51984143
1	0.49159572	0.50840425
1	0.47598496	0.52401507
1	0.46032545	0.5396745
0	0.5349518	0.46504816
1	0.40098885	0.5990112
1	0.4607093	0.53929067
1	0.47716254	0.52283746
1	0.468027	0.531973
1	0.4130269	0.5869731
1	0.44627738	0.5537226
1	0.43188533	0.56811464
1	0.37563086	0.62436914
1	0.33366573	0.6663343
1	0.4645889	0.5354111
1	0.3763213	0.62367874
1	0.46910396	0.53089607
1	0.4170957	0.58290434
1	0.45740354	0.5425965
1	0.4897669	0.5102331
1	0.43639395	0.5636061
1	0.45809665	0.5419033
1	0.3578838	0.6421162
0	0.52412814	0.47587186
1	0.44050312	0.5594969
1	0.45012167	0.54987836
1	0.48778662	0.5122134
1	0.38947	0.61052996
1	0.46690652	0.53309345
1	0.41809073	0.5819093
1	0.42186806	0.578132
1	0.47834203	0.52165794
0	0.65252197	0.347478
1	0.44982207	0.55017793
1	0.41801104	0.581989
1	0.25591362	0.7440864
1	0.32863978	0.6713602
1	0.46595606	0.53404397
1	0.41758338	0.58241665
0	0.50780267	0.4921973
1	0.4659136	0.5340864
1	0.46470773	0.53529227
1	0.43142387	0.56857616
1	0.4460686	0.5539314
1	0.36764312	0.63235694
1	0.45729598	0.54270405
1	0.42169526	0.5783047
1	0.46616024	0.5338397
1	0.461114	0.538886
0	0.5158435	0.48415646
1	0.4557417	0.54425836
1	0.39194468	0.6080553
1	0.41900158	0.5809984
1	0.48192593	0.51807404
1	0.45551297	0.54448706
1	0.4945005	0.50549954
1	0.40523654	0.59476346
1	0.41710216	0.58289784
1	0.41514304	0.5848569
1	0.49374747	0.5062526
0	0.5142226	0.48577735
1	0.39704302	0.602957
1	0.465557	0.534443
1	0.44399568	0.5560043
1	0.45031846	0.54968154
1	0.44943878	0.5505612
1	0.45395195	0.5460481
1	0.4494824	0.55051756
1	0.4217411	0.57825893
1	0.40706137	0.59293866
1	0.40889242	0.59110755
1	0.43025732	0.56974274
1	0.41631314	0.5836868
1	0.39918184	0.6008181
1	0.41679344	0.5832066
1	0.43426824	0.56573176
1	0.4001028	0.59989715
1	0.4160301	0.5839699
1	0.40093178	0.59906816
1	0.46659738	0.5334026
1	0.40762547	0.59237456
1	0.4360397	0.5639603
1	0.48127836	0.5187216
1	0.41791397	0.582086
1	0.39636663	0.60363334
1	0.4337812	0.5662188
1	0.42758238	0.57241756
1	0.4825369	0.517463
1	0.43652692	0.5634731
1	0.45074025	0.5492597
1	0.44982183	0.5501782
1	0.41014266	0.58985734
1	0.48143363	0.51856637
1	0.4250051	0.57499486
1	0.40365922	0.5963408
1	0.41719925	0.58280075
1	0.491538	0.5084621
1	0.42042467	0.57957536
0	0.65252197	0.347478
1	0.4466983	0.5533017
1	0.45715776	0.54284227
1	0.44704115	0.55295885
1	0.45037884	0.5496212
1	0.46994248	0.53005755
1	0.39392704	0.6060729
1	0.4562302	0.54376984
1	0.42270678	0.5772933
1	0.41141707	0.58858293
1	0.4111165	0.5888835
1	0.39044693	0.60955304
1	0.44317946	0.5568205
1	0.47259706	0.527403
1	0.4570087	0.5429913
1	0.42977783	0.5702222
1	0.40111747	0.59888256
1	0.40622917	0.59377086
1	0.4419378	0.5580622
1	0.4040816	0.5959184
1	0.3985082	0.6014918
1	0.4875894	0.5124106
1	0.42060423	0.5793958
1	0.43961588	0.5603841
1	0.48228735	0.51771265
1	0.45598227	0.54401773
1	0.46001676	0.5399833
0	0.5119582	0.48804185
1	0.423955	0.576045
